conservation_unit,year,observed_escapement,reconstructed_escapement,apportioned_catch,total_stock,rs_index,exploitation,Seg_75,s_max,s_msy,seg_25,smsy_20,sgen,umsy,num_streams_surveyed
Southern Fjords (even),1954,380250,389847.415662101,153824.781981253,543672.197643353,3.0846309358784,0.282936634700164,1724799.34710379,1874464.73741406,1064863.74578413,588171.258806308,266215.936446033,303378.150856675,0.56808950551568,59
Southern Fjords (even),1956,528100,541179.312953544,661356.085670018,1202535.39862356,2.78892535342648,0.549968081128435,1724799.34710379,1874464.73741406,1064863.74578413,588171.258806308,266215.936446033,303378.150856675,0.56808950551568,57
Southern Fjords (even),1958,561375,574204.178752143,935104.527893918,1509308.70664606,0.923664635542185,0.619558161810302,1724799.34710379,1874464.73741406,1064863.74578413,588171.258806308,266215.936446033,303378.150856675,0.56808950551568,56
Southern Fjords (even),1960,211900,218580.769417011,311791.324076887,530372.093493898,6.50730915002618,0.587872793274094,1724799.34710379,1874464.73741406,1064863.74578413,588171.258806308,266215.936446033,303378.150856675,0.56808950551568,49
Southern Fjords (even),1962,674700,697359.381974966,725013.258872116,1422372.64084708,2.05912106980325,0.509721037969586,1724799.34710379,1874464.73741406,1064863.74578413,588171.258806308,266215.936446033,303378.150856675,0.56808950551568,51
Southern Fjords (even),1964,602675,623048.351957655,812899.044691969,1435947.39664962,7.51753357284145,0.566106423249653,1724799.34710379,1874464.73741406,1064863.74578413,588171.258806308,266215.936446033,303378.150856675,0.56808950551568,55
Southern Fjords (even),1966,1303300,1331477.6206075,3352309.28273771,4683786.90334521,3.83975448988225,0.715726259950779,1724799.34710379,1874464.73741406,1064863.74578413,588171.258806308,266215.936446033,303378.150856675,0.56808950551568,64
Southern Fjords (even),1968,1452975,1489511.04175505,3623036.13015033,5112547.17190538,2.37002143328578,0.708655785135782,1724799.34710379,1874464.73741406,1064863.74578413,588171.258806308,266215.936446033,303378.150856675,0.56808950551568,55
Southern Fjords (even),1970,1132375,1161518.95927033,2368654.13480498,3530173.0940753,1.25630946720514,0.670973935748446,1724799.34710379,1874464.73741406,1064863.74578413,588171.258806308,266215.936446033,303378.150856675,0.56808950551568,56
Southern Fjords (even),1972,693100,711679.408648469,747547.856221099,1459227.26486957,3.76608963901327,0.512290219774586,1724799.34710379,1874464.73741406,1064863.74578413,588171.258806308,266215.936446033,303378.150856675,0.56808950551568,50
Southern Fjords (even),1974,1100385,1139633.84319311,1540614.60401698,2680248.44721009,4.79170046569429,0.574802908894742,1724799.34710379,1874464.73741406,1064863.74578413,588171.258806308,266215.936446033,303378.150856675,0.56808950551568,47
Southern Fjords (even),1976,1638013,1699305.26881455,3761478.74833487,5460784.01714942,1.4402237094617,0.688816612508766,1724799.34710379,1874464.73741406,1064863.74578413,588171.258806308,266215.936446033,303378.150856675,0.56808950551568,46
Southern Fjords (even),1978,1074000,1130194.11961627,1317185.61814363,2447379.73775989,2.30658313468955,0.538202387566246,1724799.34710379,1874464.73741406,1064863.74578413,588171.258806308,266215.936446033,303378.150856675,0.56808950551568,40
Southern Fjords (even),1980,1372923,1445100.51327382,1161786.18195837,2606886.69523219,0.533161551456835,0.445660405603049,1724799.34710379,1874464.73741406,1064863.74578413,588171.258806308,266215.936446033,303378.150856675,0.56808950551568,44
Southern Fjords (even),1982,543551,579805.02949085,190667.002177289,770472.031668138,1.05201287248319,0.247467778634973,1724799.34710379,1874464.73741406,1064863.74578413,588171.258806308,266215.936446033,303378.150856675,0.56808950551568,36
Southern Fjords (even),1984,354899,378733.919672069,231228.434882802,609962.354554872,4.2950808954637,0.379086402883903,1724799.34710379,1874464.73741406,1064863.74578413,588171.258806308,266215.936446033,303378.150856675,0.56808950551568,33
Southern Fjords (even),1986,1144571,1197171.38853278,429521.434314806,1626692.82284759,1.97382612185433,0.264045816322538,1724799.34710379,1874464.73741406,1064863.74578413,588171.258806308,266215.936446033,303378.150856675,0.56808950551568,54
Southern Fjords (even),1988,1670900,1750293.42539304,612714.733629583,2363008.15902262,1.96797433095084,0.259294379196309,1724799.34710379,1874464.73741406,1064863.74578413,588171.258806308,266215.936446033,303378.150856675,0.56808950551568,45
Southern Fjords (even),1990,2953633,3060146.1264733,384386.406332218,3444532.53280551,0.996818513371071,0.111593199562305,1724799.34710379,1874464.73741406,1064863.74578413,588171.258806308,266215.936446033,303378.150856675,0.56808950551568,59
Southern Fjords (even),1992,2098728,2210056.5922792,840353.720210148,3050410.31248935,0.686147411199066,0.275488748765854,1724799.34710379,1874464.73741406,1064863.74578413,588171.258806308,266215.936446033,303378.150856675,0.56808950551568,51
Southern Fjords (even),1994,1160897,1309172.89660826,207251.712787546,1516424.60939581,1.82195250011473,0.136671293451326,1724799.34710379,1874464.73741406,1064863.74578413,588171.258806308,266215.936446033,303378.150856675,0.56808950551568,43
Southern Fjords (even),1996,2281814,2324762.38997997,60488.442077886,2385250.83205786,0.989181396126394,0.025359363160016,1724799.34710379,1874464.73741406,1064863.74578413,588171.258806308,266215.936446033,303378.150856675,0.56808950551568,64
Southern Fjords (even),1998,2109812,2189493.92305252,110117.783529998,2299611.70658252,2.70137375080378,0.047885381351465,1724799.34710379,1874464.73741406,1064863.74578413,588171.258806308,266215.936446033,303378.150856675,0.56808950551568,47
Southern Fjords (even),2000,4838725,5372969.96008628,541671.451192194,5914641.41127847,0.164860963246983,0.091581452454463,1724799.34710379,1874464.73741406,1064863.74578413,588171.258806308,266215.936446033,303378.150856675,0.56808950551568,45
Southern Fjords (even),2002,725272,779859.630940437,105933.372176492,885793.003116929,2.12277243201447,0.119591565753775,1724799.34710379,1874464.73741406,1064863.74578413,588171.258806308,266215.936446033,303378.150856675,0.56808950551568,28
Southern Fjords (even),2004,1425343,1548069.47135646,107395.054044881,1655464.52540134,0.419651238852027,0.064873062754905,1724799.34710379,1874464.73741406,1064863.74578413,588171.258806308,266215.936446033,303378.150856675,0.56808950551568,29
Southern Fjords (even),2006,537208,596537.488121767,53111.7833619726,649649.27148374,0.826323656948187,0.081754549251891,1724799.34710379,1874464.73741406,1064863.74578413,588171.258806308,266215.936446033,303378.150856675,0.56808950551568,22
Southern Fjords (even),2008,432765,480454.956601892,12478.0820895727,492933.038691464,1.8913053222204,0.025313949583694,1724799.34710379,1874464.73741406,1064863.74578413,588171.258806308,266215.936446033,303378.150856675,0.56808950551568,27
Southern Fjords (even),2010,736509,804033.145826989,104653.87068134,908687.016508329,3.02049943910623,0.115170425878294,1724799.34710379,1874464.73741406,1064863.74578413,588171.258806308,266215.936446033,303378.150856675,0.56808950551568,29
Southern Fjords (even),2012,2212640,2411529.30260333,17052.3633899153,2428581.66599324,1.62942207012215,0.007021531797219,1724799.34710379,1874464.73741406,1064863.74578413,588171.258806308,266215.936446033,303378.150856675,0.56808950551568,28
Southern Fjords (even),2014,3072043,3586050.19729507,343348.871113058,3929399.06840813,0.201139573781846,0.087379486057688,1724799.34710379,1874464.73741406,1064863.74578413,588171.258806308,266215.936446033,303378.150856675,0.56808950551568,26
Southern Fjords (even),2016,237724,717687.065143949,3609.54310028426,721296.608244233,0.905842044654877,0.005004242442052,1724799.34710379,1874464.73741406,1064863.74578413,588171.258806308,266215.936446033,303378.150856675,0.56808950551568,17
Southern Fjords (even),2018,187137,575089.922923688,75021.1955886648,650111.118512353,0.898652037054278,0.11539749660079,1724799.34710379,1874464.73741406,1064863.74578413,588171.258806308,266215.936446033,303378.150856675,0.56808950551568,13
Southern Fjords (even),2020,370879,513487.161078763,3318.56964599676,516805.73072476,,0.006421309688929,1724799.34710379,1874464.73741406,1064863.74578413,588171.258806308,266215.936446033,303378.150856675,0.56808950551568,12
Georgia Strait (even),1954,195450,542618.978706964,246192.218018747,788811.196725711,0.786677748574633,0.31210537964049,448106.721426567,493174.779332845,307992.376624965,114942.165461984,76998.0941562414,70823.8979711725,0.624509584698573,26
Georgia Strait (even),1956,61875,168176.362173079,258689.914329982,426866.276503061,3.84233496417408,0.606020968555306,448106.721426567,493174.779332845,307992.376624965,114942.165461984,76998.0941562414,70823.8979711725,0.624509584698573,30
Georgia Strait (even),1958,196550,210153.444419144,436036.472106082,646189.916525226,0.264486476333559,0.674780681275239,448106.721426567,493174.779332845,307992.376624965,114942.165461984,76998.0941562414,70823.8979711725,0.624509584698573,21
Georgia Strait (even),1960,18400,19976.0680806667,35606.6759231132,55582.7440037799,2.9196526594514,0.64060665879849,448106.721426567,493174.779332845,307992.376624965,114942.165461984,76998.0941562414,70823.8979711725,0.624509584698573,15
Georgia Strait (even),1962,23726,26425.439169217,31897.7411278836,58323.1802971006,2.92618343244767,0.546913610770113,448106.721426567,493174.779332845,307992.376624965,114942.165461984,76998.0941562414,70823.8979711725,0.624509584698573,12
Georgia Strait (even),1964,26200,29275.726984085,48049.9553080316,77325.6822921166,4.31754280104773,0.621397107451458,448106.721426567,493174.779332845,307992.376624965,114942.165461984,76998.0941562414,70823.8979711725,0.624509584698573,10
Georgia Strait (even),1966,29000,31553.4870232822,94845.7172622925,126399.204285575,4.03667250776908,0.75036641091511,448106.721426567,493174.779332845,307992.376624965,114942.165461984,76998.0941562414,70823.8979711725,0.624509584698573,17
Georgia Strait (even),1968,29712,32609.2237414575,94761.8698496743,127371.093591132,2.47303193416711,0.743982540919881,448106.721426567,493174.779332845,307992.376624965,114942.165461984,76998.0941562414,70823.8979711725,0.624509584698573,17
Georgia Strait (even),1970,20732,22826.7864660019,57816.8651950227,80643.6516610246,2.64890034672565,0.716942549154999,448106.721426567,493174.779332845,307992.376624965,114942.165461984,76998.0941562414,70823.8979711725,0.624509584698573,16
Georgia Strait (even),1972,21947,25274.7388055235,35191.1437789011,60465.8825844247,3.07636592086459,0.582000001898029,448106.721426567,493174.779332845,307992.376624965,114942.165461984,76998.0941562414,70823.8979711725,0.624509584698573,14
Georgia Strait (even),1974,23900,27606.9491370419,50147.3959830244,77754.3451200663,6.65764672395636,0.644946541644561,448106.721426567,493174.779332845,307992.376624965,114942.165461984,76998.0941562414,70823.8979711725,0.624509584698573,11
Georgia Strait (even),1976,45730,53782.0628155306,130015.251665126,183797.314480657,1.0475261555987,0.707383848520862,448106.721426567,493174.779332845,307992.376624965,114942.165461984,76998.0941562414,70823.8979711725,0.624509584698573,11
Georgia Strait (even),1978,19460,23240.7356449483,33097.3818563722,56338.1175013205,3.55485283707807,0.587477596417673,448106.721426567,493174.779332845,307992.376624965,114942.165461984,76998.0941562414,70823.8979711725,0.624509584698573,8
Georgia Strait (even),1980,36607,42374.5770015942,40242.8180416316,82617.3950432259,0.213877780587135,0.48709860702551,448106.721426567,493174.779332845,307992.376624965,114942.165461984,76998.0941562414,70823.8979711725,0.624509584698573,13
Georgia Strait (even),1982,4655,5547.98265970854,3514.99782271108,9062.98048241962,2.40241181006852,0.387841265853929,448106.721426567,493174.779332845,307992.376624965,114942.165461984,76998.0941562414,70823.8979711725,0.624509584698573,9
Georgia Strait (even),1984,4213,5082.9739465415,8245.56511719764,13328.5390637391,89.0924773472568,0.618639828248698,448106.721426567,493174.779332845,307992.376624965,114942.165461984,76998.0941562414,70823.8979711725,0.624509584698573,5
Georgia Strait (even),1986,217120,309964.175503751,142890.565685194,452854.741188945,1.14104241459733,0.315532890988494,448106.721426567,493174.779332845,307992.376624965,114942.165461984,76998.0941562414,70823.8979711725,0.624509584698573,4
Georgia Strait (even),1988,212850,243992.515981084,109689.755274387,353682.271255471,3.81498666714389,0.310136425229966,448106.721426567,493174.779332845,307992.376624965,114942.165461984,76998.0941562414,70823.8979711725,0.624509584698573,14
Georgia Strait (even),1990,614696,712972.083580514,217856.111770213,930828.195350726,0.779612805865642,0.234045458504968,448106.721426567,493174.779332845,307992.376624965,114942.165461984,76998.0941562414,70823.8979711725,0.624509584698573,15
Georgia Strait (even),1992,306808,350081.209654296,205760.956929781,555842.166584078,0.455110913515758,0.370178747312898,448106.721426567,493174.779332845,307992.376624965,114942.165461984,76998.0941562414,70823.8979711725,0.624509584698573,20
Georgia Strait (even),1994,114696,126008.491918015,33317.2872124536,159325.779130468,2.34989878492707,0.20911422742939,448106.721426567,493174.779332845,307992.376624965,114942.165461984,76998.0941562414,70823.8979711725,0.624509584698573,24
Georgia Strait (even),1996,247786,278649.644126522,17457.5579221139,296107.202048636,0.407102818421144,0.058956883862779,448106.721426567,493174.779332845,307992.376624965,114942.165461984,76998.0941562414,70823.8979711725,0.624509584698573,24
Georgia Strait (even),1998,92288,103875.839005953,9563.21647000246,113439.055475956,2.51602583531694,0.084302680676228,448106.721426567,493174.779332845,307992.376624965,114942.165461984,76998.0941562414,70823.8979711725,0.624509584698573,18
Georgia Strait (even),2000,186191,206568.00716738,54786.287436821,261354.294604201,1.19900462173137,0.209624592240928,448106.721426567,493174.779332845,307992.376624965,114942.165461984,76998.0941562414,70823.8979711725,0.624509584698573,20
Georgia Strait (even),2002,177778,203857.810098364,43818.1851971635,247675.995295528,0.312664557765666,0.176917367970519,448106.721426567,493174.779332845,307992.376624965,114942.165461984,76998.0941562414,70823.8979711725,0.624509584698573,20
Georgia Strait (even),2004,43193,57334.8760338879,6404.23600759432,63739.1120414822,1.01204183430091,0.100475764447838,448106.721426567,493174.779332845,307992.376624965,114942.165461984,76998.0941562414,70823.8979711725,0.624509584698573,10
Georgia Strait (even),2006,36014,50720.8791413522,7304.41396939924,58025.2931107514,2.81003028131564,0.125883275685613,448106.721426567,493174.779332845,307992.376624965,114942.165461984,76998.0941562414,70823.8979711725,0.624509584698573,6
Georgia Strait (even),2008,106422,137714.288371723,4812.9179104273,142527.20628215,5.48414136606951,0.033768415420278,448106.721426567,493174.779332845,307992.376624965,114942.165461984,76998.0941562414,70823.8979711725,0.624509584698573,10
Georgia Strait (even),2010,508463,652848.496239533,102396.12931866,755244.625558192,0.847020209120669,0.135580083397455,448106.721426567,493174.779332845,307992.376624965,114942.165461984,76998.0941562414,70823.8979711725,0.624509584698573,12
Georgia Strait (even),2012,424945,546132.233198838,6843.63661008471,552975.869808923,4.21839294903299,0.012376013102433,448106.721426567,493174.779332845,307992.376624965,114942.165461984,76998.0941562414,70823.8979711725,0.624509584698573,12
Georgia Strait (even),2014,1517489,2065535.23287868,238265.128886942,2303800.36176562,0.047870737093098,0.10342264583392,448106.721426567,493174.779332845,307992.376624965,114942.165461984,76998.0941562414,70823.8979711725,0.624509584698573,13
Georgia Strait (even),2016,71477,97524.2371899499,1354.45689971574,98878.6940896656,1.8511903785936,0.013698167357343,448106.721426567,493174.779332845,307992.376624965,114942.165461984,76998.0941562414,70823.8979711725,0.624509584698573,10
Georgia Strait (even),2018,127063,152683.857383015,27852.0721827002,180535.929565716,5.05060891230282,0.154274399836637,448106.721426567,493174.779332845,307992.376624965,114942.165461984,76998.0941562414,70823.8979711725,0.624509584698573,15
Georgia Strait (even),2020,581358,761914.020509427,9232.43035400325,771146.45086343,,0.011972343701597,448106.721426567,493174.779332845,307992.376624965,114942.165461984,76998.0941562414,70823.8979711725,0.624509584698573,11
Aggregate (even),1954,575700,619256.505297141,400017,1332483.39436906,2.6312225405606,0.30020411638181,1873288.88499503,2101380.12830873,1212004.41187982,689620.699974343,303001.102969955,334554.909686739,0.576765905203112,85
Aggregate (even),1956,589975,633936.648449768,920046,1629401.67512662,3.40017985778603,0.564652666095057,1873288.88499503,2101380.12830873,1212004.41187982,689620.699974343,303001.102969955,334554.909686739,0.576765905203112,87
Aggregate (even),1958,757925,777633.921304258,1371141,2155498.62317129,0.753509873276755,0.636113141182481,1873288.88499503,2101380.12830873,1212004.41187982,689620.699974343,303001.102969955,334554.909686739,0.576765905203112,77
Aggregate (even),1960,230300,238395.518534769,347398,585954.837497678,6.2110891607563,0.592875043891717,1873288.88499503,2101380.12830873,1212004.41187982,689620.699974343,303001.102969955,334554.909686739,0.576765905203112,64
Aggregate (even),1962,698426,725611.768557115,756911,1480695.82114418,2.08551341711408,0.5111860175408,1873288.88499503,2101380.12830873,1212004.41187982,689620.699974343,303001.102969955,334554.909686739,0.576765905203112,63
Aggregate (even),1964,628875,653629.63139157,860949,1513273.07894174,7.3591922345839,0.56893168323729,1873288.88499503,2101380.12830873,1212004.41187982,689620.699974343,303001.102969955,334554.909686739,0.576765905203112,65
Aggregate (even),1966,1332300,1367130.67873122,3447155,4810186.10763078,3.83278522456937,0.716636513196756,1873288.88499503,2101380.12830873,1212004.41187982,689620.699974343,303001.102969955,334554.909686739,0.576765905203112,81
Aggregate (even),1968,1482687,1527210.17256129,3717798,5239918.26549651,2.36432208913369,0.709514502254878,1873288.88499503,2101380.12830873,1212004.41187982,689620.699974343,303001.102969955,334554.909686739,0.576765905203112,72
Aggregate (even),1970,1153107,1188646.29898691,2426471,3610816.74573633,1.27850744897724,0.67200059456498,1873288.88499503,2101380.12830873,1212004.41187982,689620.699974343,303001.102969955,334554.909686739,0.576765905203112,72
Aggregate (even),1972,715047,740058.983819064,782739,1519693.14745399,3.7267337504607,0.515063847798061,1873288.88499503,2101380.12830873,1212004.41187982,689620.699974343,303001.102969955,334554.909686739,0.576765905203112,64
Aggregate (even),1974,1124285,1173148.58262249,1590762,2758002.79233016,4.81148033185363,0.576780416765282,1873288.88499503,2101380.12830873,1212004.41187982,689620.699974343,303001.102969955,334554.909686739,0.576765905203112,58
Aggregate (even),1976,1683743,1761147.9587759,3891494,5644581.33163008,1.42163969971123,0.689421193772788,1873288.88499503,2101380.12830873,1212004.41187982,689620.699974343,303001.102969955,334554.909686739,0.576765905203112,57
Aggregate (even),1978,1093460,1160127.73880586,1350283,2503717.85526121,2.31828272035266,0.539311167655161,1873288.88499503,2101380.12830873,1212004.41187982,689620.699974343,303001.102969955,334554.909686739,0.576765905203112,48
Aggregate (even),1980,1409530,1492658.0017983,1202029,2689504.09027541,0.522246228681588,0.446933322892589,1873288.88499503,2101380.12830873,1212004.41187982,689620.699974343,303001.102969955,334554.909686739,0.576765905203112,57
Aggregate (even),1982,548206,588904.495294268,194182,779535.012150558,1.05839044972336,0.249099779962797,1873288.88499503,2101380.12830873,1212004.41187982,689620.699974343,303001.102969955,334554.909686739,0.576765905203112,45
Aggregate (even),1984,359112,386242.450852874,239474,623290.893618611,5.38404714304349,0.384209046613367,1873288.88499503,2101380.12830873,1212004.41187982,689620.699974343,303001.102969955,334554.909686739,0.576765905203112,38
Aggregate (even),1986,1361691,1452807.81262432,572412,2079547.56403653,1.86995857722621,0.275257950286509,1873288.88499503,2101380.12830873,1212004.41187982,689620.699974343,303001.102969955,334554.909686739,0.576765905203112,58
Aggregate (even),1988,1883750,1985429.81121415,722404.48890397,2716690.43027809,2.20373477996715,0.265913436751062,1873288.88499503,2101380.12830873,1212004.41187982,689620.699974343,303001.102969955,334554.909686739,0.576765905203112,59
Aggregate (even),1990,3568329,3725793.55177226,602242.51810243,4375360.72815624,0.967915271998371,0.137644083658495,1873288.88499503,2101380.12830873,1212004.41187982,689620.699974343,303001.102969955,334554.909686739,0.576765905203112,74
Aggregate (even),1992,2405536,2546943.76381641,1046114.67713993,3606252.47907343,0.657945578670839,0.290083593206628,1873288.88499503,2101380.12830873,1212004.41187982,689620.699974343,303001.102969955,334554.909686739,0.576765905203112,71
Aggregate (even),1994,1275593,1442649.57734721,240569,1675750.38852627,1.85863433241845,0.143558970146841,1873288.88499503,2101380.12830873,1212004.41187982,689620.699974343,303001.102969955,334554.909686739,0.576765905203112,67
Aggregate (even),1996,2529600,2595107.99348895,77946,2681358.03410649,0.929845990268131,0.029069597945719,1873288.88499503,2101380.12830873,1212004.41187982,689620.699974343,303001.102969955,334554.909686739,0.576765905203112,88
Aggregate (even),1998,2252100,2350274.0293955,119681,2413050.76205848,2.62777685862919,0.049597381821303,1873288.88499503,2101380.12830873,1212004.41187982,689620.699974343,303001.102969955,334554.909686739,0.576765905203112,65
Aggregate (even),2000,5179556,5747002.83256103,596457.738629015,6175995.70588267,0.197227847529588,0.096576773533195,1873288.88499503,2101380.12830873,1212004.41187982,689620.699974343,303001.102969955,334554.909686739,0.576765905203112,65
Aggregate (even),2002,903050,975079.266061531,149751.557373656,1133468.99841246,1.76314244111343,0.13211791198824,1873288.88499503,2101380.12830873,1212004.41187982,689620.699974343,303001.102969955,334554.909686739,0.576765905203112,48
Aggregate (even),2004,1468536,1616023.02109576,113799.290052475,1719203.63744282,0.437911190222182,0.06619302540666,1873288.88499503,2101380.12830873,1212004.41187982,689620.699974343,303001.102969955,334554.909686739,0.576765905203112,39
Aggregate (even),2006,573222,646016.935523047,60416.1973313718,707674.564594491,0.983658802163004,0.085372854068863,1873288.88499503,2101380.12830873,1212004.41187982,689620.699974343,303001.102969955,334554.909686739,0.576765905203112,28
Aggregate (even),2008,539127,608841.733176167,17291,635460.244973615,2.73294610306397,0.027210199436973,1873288.88499503,2101380.12830873,1212004.41187982,689620.699974343,303001.102969955,334554.909686739,0.576765905203112,36
Aggregate (even),2010,1244972,1373125.27562922,207050,1663931.64206652,2.17136599895148,0.124434198356162,1873288.88499503,2101380.12830873,1212004.41187982,689620.699974343,303001.102969955,334554.909686739,0.576765905203112,41
Aggregate (even),2012,2615854,2888211.9642681,23896,2981557.53580216,2.1581516548261,0.008014603009689,1873288.88499503,2101380.12830873,1212004.41187982,689620.699974343,303001.102969955,334554.909686739,0.576765905203112,26
Aggregate (even),2014,4572284,5403813.67956947,581614,6233199.43017375,0.151777124632329,0.093309063269261,1873288.88499503,2101380.12830873,1212004.41187982,689620.699974343,303001.102969955,334554.909686739,0.576765905203112,0
Aggregate (even),2016,308466,850668.923365099,4964,820175.302333899,0.976463375189695,0.006052364641894,1873288.88499503,2101380.12830873,1212004.41187982,689620.699974343,303001.102969955,334554.909686739,0.576765905203112,5766891.78274786
Aggregate (even),2018,310930,1040158.32144606,102873.267771365,830647.048078069,1.23822706123971,0.123847147846237,1873288.88499503,2101380.12830873,1212004.41187982,689620.699974343,303001.102969955,334554.909686739,0.576765905203112,0
Aggregate (even),2020,952237,1310566.29998111,12551,1287952.18158819,,0.009744927008488,1873288.88499503,2101380.12830873,1212004.41187982,689620.699974343,303001.102969955,334554.909686739,0.576765905203112,0
Southern Fjords (odd),1953,107775,108205.329498622,,,0,,,,,,,,,31
Southern Fjords (odd),1955,320900,322260.290871184,,,0,,,,,,,,,29
Southern Fjords (odd),1957,258175,259348.116534453,,,2.48553532428209,,,,,,,,,30
Southern Fjords (odd),1959,266750,269210.847750638,375408.057181772,644618.90493241,2.44257516159209,0.582372087305032,634253.364591605,778216.07304632,296662.156661612,194696.186523791,74165.5391654029,151278.726022703,0.38120795359614,23
Southern Fjords (odd),1961,261925,264567.127019366,393000.602927493,657567.729946859,2.05743508201007,0.597657982637398,634253.364591605,778216.07304632,296662.156661612,194696.186523791,74165.5391654029,151278.726022703,0.38120795359614,22
Southern Fjords (odd),1963,257425,268032.393944758,276297.2947315,544329.688676258,1.66156307902633,0.507591815179915,634253.364591605,778216.07304632,296662.156661612,194696.186523791,74165.5391654029,151278.726022703,0.38120795359614,18
Southern Fjords (odd),1965,264675,275343.848120022,170008.881641628,445352.72976165,2.46826736324986,0.38173984412898,634253.364591605,778216.07304632,296662.156661612,194696.186523791,74165.5391654029,151278.726022703,0.38120795359614,19
Southern Fjords (odd),1967,222125,230496.407554966,449125.826431311,679622.233986277,0.747215354378982,0.660846281907222,634253.364591605,778216.07304632,296662.156661612,194696.186523791,74165.5391654029,151278.726022703,0.38120795359614,21
Southern Fjords (odd),1969,110725,115563.275210884,56667.1796433818,172230.454854266,7.20499019376986,0.329019508723536,634253.364591605,778216.07304632,296662.156661612,194696.186523791,74165.5391654029,151278.726022703,0.38120795359614,14
Southern Fjords (odd),1971,490050,508343.407165154,324288.857489194,832632.264654348,2.82010677136137,0.389474286855574,634253.364591605,778216.07304632,296662.156661612,194696.186523791,74165.5391654029,151278.726022703,0.38120795359614,18
Southern Fjords (odd),1973,764025,792547.892620871,641034.792102489,1433582.68472336,2.24932789442234,0.447155785943516,634253.364591605,778216.07304632,296662.156661612,194696.186523791,74165.5391654029,151278.726022703,0.38120795359614,22
Southern Fjords (odd),1975,1237310,1254617.47796997,528082.604567794,1782700.08253776,0.296042495872606,0.296226274817939,634253.364591605,778216.07304632,296662.156661612,194696.186523791,74165.5391654029,151278.726022703,0.38120795359614,24
Southern Fjords (odd),1977,149065,154747.668862719,216672.420680904,371420.089543624,2.90234218341321,0.583362146477152,634253.364591605,778216.07304632,296662.156661612,194696.186523791,74165.5391654029,151278.726022703,0.38120795359614,19
Southern Fjords (odd),1979,186340,194248.215536199,254882.47158893,449130.68712513,7.21057771678032,0.56750179601493,634253.364591605,778216.07304632,296662.156661612,194696.186523791,74165.5391654029,151278.726022703,0.38120795359614,15
Southern Fjords (odd),1981,772016,812994.629409871,587647.225059787,1400641.85446966,2.9428877092999,0.419555665271973,634253.364591605,778216.07304632,296662.156661612,194696.186523791,74165.5391654029,151278.726022703,0.38120795359614,20
Southern Fjords (odd),1983,1348155,1368845.94243869,1023705.96017845,2392551.90261713,1.08746812633437,0.427871996866044,634253.364591605,778216.07304632,296662.156661612,194696.186523791,74165.5391654029,151278.726022703,0.38120795359614,26
Southern Fjords (odd),1985,713150,741712.033117597,746864.299146613,1488576.33226421,0.24494504558811,0.501730601890324,634253.364591605,778216.07304632,296662.156661612,194696.186523791,74165.5391654029,151278.726022703,0.38120795359614,21
Southern Fjords (odd),1987,93316,101272.567817048,80406.1199481912,181678.687765239,6.14329897630474,0.442573209534021,634253.364591605,778216.07304632,296662.156661612,194696.186523791,74165.5391654029,151278.726022703,0.38120795359614,16
Southern Fjords (odd),1989,183105,194845.510186321,427302.152011902,622147.662198223,1.2195984001614,0.686817901882204,634253.364591605,778216.07304632,296662.156661612,194696.186523791,74165.5391654029,151278.726022703,0.38120795359614,15
Southern Fjords (odd),1991,111910,119689.44761594,117943.82488593,237633.27250187,5.92558045699508,0.496327065836296,634253.364591605,778216.07304632,296662.156661612,194696.186523791,74165.5391654029,151278.726022703,0.38120795359614,15
Southern Fjords (odd),1993,366533,381021.369666887,328208.082034663,709229.45170155,1.26239747284547,0.462767135864482,634253.364591605,778216.07304632,296662.156661612,194696.186523791,74165.5391654029,151278.726022703,0.38120795359614,17
Southern Fjords (odd),1995,241740,256793.446784305,224206.967383294,481000.414167599,2.40067264880213,0.466126349956056,634253.364591605,778216.07304632,296662.156661612,194696.186523791,74165.5391654029,151278.726022703,0.38120795359614,12
Southern Fjords (odd),1997,347212,392619.915928951,223857.088157754,616477.004086705,1.72632283952436,0.363123176815642,634253.364591605,778216.07304632,296662.156661612,194696.186523791,74165.5391654029,151278.726022703,0.38120795359614,19
Southern Fjords (odd),1999,583224,668272.020091648,9516.70802863452,677788.728120283,2.53846856264675,0.014040817785547,634253.364591605,778216.07304632,296662.156661612,194696.186523791,74165.5391654029,151278.726022703,0.38120795359614,8
Southern Fjords (odd),2001,1505585,1567029.27869002,129358.235609073,1696387.51429909,0.164290071624274,0.076255121261324,634253.364591605,778216.07304632,296662.156661612,194696.186523791,74165.5391654029,151278.726022703,0.38120795359614,18
Southern Fjords (odd),2003,184939,200999.288187801,56448.0642455153,257447.352433316,1.53382928518976,0.21926061275047,634253.364591605,778216.07304632,296662.156661612,194696.186523791,74165.5391654029,151278.726022703,0.38120795359614,12
Southern Fjords (odd),2005,266181,290559.782348498,17738.8121762472,308298.594524746,1.19735688267384,0.057537765307015,634253.364591605,778216.07304632,296662.156661612,194696.186523791,74165.5391654029,151278.726022703,0.38120795359614,10
Southern Fjords (odd),2007,318265,338126.312946937,9777.44227624972,347903.755223187,3.14668147390213,0.028103871054733,634253.364591605,778216.07304632,296662.156661612,194696.186523791,74165.5391654029,151278.726022703,0.38120795359614,13
Southern Fjords (odd),2009,913402,992238.562955647,71737.2418333158,1063975.80478896,0.351402792155226,0.067423752974857,634253.364591605,778216.07304632,296662.156661612,194696.186523791,74165.5391654029,151278.726022703,0.38120795359614,18
Southern Fjords (odd),2011,216481,229526.17779037,119149.223716333,348675.401506703,2.95302841183625,0.341719614293017,634253.364591605,778216.07304632,296662.156661612,194696.186523791,74165.5391654029,151278.726022703,0.38120795359614,15
Southern Fjords (odd),2013,576656,622913.812758257,54883.511516883,677797.32427514,0.725186140303044,0.080973337532097,634253.364591605,778216.07304632,296662.156661612,194696.186523791,74165.5391654029,151278.726022703,0.38120795359614,14
Southern Fjords (odd),2015,48251,440518.209760863,11210.2538547506,451728.463615613,0.099847704630706,0.024816354862884,634253.364591605,778216.07304632,296662.156661612,194696.186523791,74165.5391654029,151278.726022703,0.38120795359614,9
Southern Fjords (odd),2017,4537,42804.4366383717,1180.29545427843,43984.7320926501,0.209161334338057,0.026834208101853,634253.364591605,778216.07304632,296662.156661612,194696.186523791,74165.5391654029,151278.726022703,0.38120795359614,8
Southern Fjords (odd),2019,7320,8383.40392937311,569.629153497528,8953.03308287064,0.760203476199849,0.063624153761631,634253.364591605,778216.07304632,296662.156661612,194696.186523791,74165.5391654029,151278.726022703,0.38120795359614,6
Southern Fjords (odd),2021,4858,5641.10616537474,731.986644122172,6373.09280949691,,0.114855795451683,634253.364591605,778216.07304632,296662.156661612,194696.186523791,74165.5391654029,151278.726022703,0.38120795359614,4
Georgia Strait (odd),1953,471625,949097.474371193,,,0,,,,,,,,,36
Georgia Strait (odd),1955,337975,498751.562427228,,,0,,,,,,,,,38
Georgia Strait (odd),1957,424675,470045.660085116,,,2.13649051512837,,,,,,,,,38
Georgia Strait (odd),1959,374926,419402.035512677,584846.058936424,1004248.0944491,2.34877650267998,0.582372087305032,997762.530244164,1683883.80671126,941564.4205354,217084.625159493,235391.10513385,276986.440566791,0.559162346465189,34
Georgia Strait (odd),1961,348975,396339.736794285,588741.909394044,985081.646188329,2.34053367599983,0.597657982637398,997762.530244164,1683883.80671126,941564.4205354,217084.625159493,235391.10513385,276986.440566791,0.559162346465189,28
Georgia Strait (odd),1963,401577,456780.729763292,470865.771340643,927646.501103935,0.451832706718231,0.507591815179915,997762.530244164,1683883.80671126,941564.4205354,217084.625159493,235391.10513385,276986.440566791,0.559162346465189,26
Georgia Strait (odd),1965,109000,127601.769799602,78786.7037060752,206388.473505677,2.03687246679306,0.38173984412898,997762.530244164,1683883.80671126,941564.4205354,217084.625159493,235391.10513385,276986.440566791,0.559162346465189,19
Georgia Strait (odd),1967,75951,88148.944862576,171759.5867563,259908.531618876,1.16911193117415,0.660846281907222,997762.530244164,1683883.80671126,941564.4205354,217084.625159493,235391.10513385,276986.440566791,0.559162346465189,22
Georgia Strait (odd),1969,60225,69148.5542091722,33907.4289500773,103055.983159249,2.98267911785756,0.329019508723536,997762.530244164,1683883.80671126,941564.4205354,217084.625159493,235391.10513385,276986.440566791,0.559162346465189,23
Georgia Strait (odd),1971,109750,125919.675946167,80328.2727235717,206247.948669739,2.06714218936011,0.389474286855574,997762.530244164,1683883.80671126,941564.4205354,217084.625159493,235391.10513385,276986.440566791,0.559162346465189,23
Georgia Strait (odd),1973,125573,143901.962537389,116391.912081486,260293.874618876,1.48841310884643,0.447155785943516,997762.530244164,1683883.80671126,941564.4205354,217084.625159493,235391.10513385,276986.440566791,0.559162346465189,25
Georgia Strait (odd),1975,131660,150738.174670007,63447.3927593714,214185.567429379,1.44108280715402,0.296226274817939,997762.530244164,1683883.80671126,941564.4205354,217084.625159493,235391.10513385,276986.440566791,0.559162346465189,25
Georgia Strait (odd),1977,47109,90504.6543216278,126721.537577099,217226.191898727,1.65135633340373,0.583362146477152,997762.530244164,1683883.80671126,941564.4205354,217084.625159493,235391.10513385,276986.440566791,0.559162346465189,22
Georgia Strait (odd),1979,50462,64639.2068312106,84816.2272853249,149455.434116536,3.04118624946642,0.56750179601493,997762.530244164,1683883.80671126,941564.4205354,217084.625159493,235391.10513385,276986.440566791,0.559162346465189,26
Georgia Strait (odd),1981,88015,114103.670116802,82476.1968746921,196579.866991494,0.717866164282617,0.419555665271973,997762.530244164,1683883.80671126,941564.4205354,217084.625159493,235391.10513385,276986.440566791,0.559162346465189,29
Georgia Strait (odd),1983,35661,46863.6706921633,35047.4933051542,81911.1639973175,2.76713634434463,0.427871996866044,997762.530244164,1683883.80671126,941564.4205354,217084.625159493,235391.10513385,276986.440566791,0.559162346465189,26
Georgia Strait (odd),1985,47369,64614.6619209332,65063.5044807502,129678.166401683,8.14683532369356,0.501730601890324,997762.530244164,1683883.80671126,941564.4205354,217084.625159493,235391.10513385,276986.440566791,0.559162346465189,22
Georgia Strait (odd),1987,225000,293432.255302031,232972.754863945,526405.010165975,1.91798426267194,0.442573209534021,997762.530244164,1683883.80671126,941564.4205354,217084.625159493,235391.10513385,276986.440566791,0.559162346465189,22
Georgia Strait (odd),1989,80416,108295.897326394,454502.550503235,562798.447829629,8.03057830505325,0.807576055435076,997762.530244164,1683883.80671126,941564.4205354,217084.625159493,235391.10513385,276986.440566791,0.559162346465189,25
Georgia Strait (odd),1991,204024,318152.613318671,551526.070276942,869678.683595614,0.998124995604709,0.634172230135277,997762.530244164,1683883.80671126,941564.4205354,217084.625159493,235391.10513385,276986.440566791,0.559162346465189,26
Georgia Strait (odd),1993,89958,140104.911175788,177451.164594538,317556.075770325,1.6866186603771,0.558802611992474,997762.530244164,1683883.80671126,941564.4205354,217084.625159493,235391.10513385,276986.440566791,0.559162346465189,28
Georgia Strait (odd),1995,54340,83394.0955054822,152909.462094077,236303.557599559,3.82868947796594,0.647089124037641,997762.530244164,1683883.80671126,941564.4205354,217084.625159493,235391.10513385,276986.440566791,0.559162346465189,24
Georgia Strait (odd),1997,88044,140736.995016956,178553.100969371,319290.095986327,4.1982603760934,0.55921904003254,997762.530244164,1683883.80671126,941564.4205354,217084.625159493,235391.10513385,276986.440566791,0.559162346465189,23
Georgia Strait (odd),1999,268663,574689.655823378,16160.8938067614,590850.549630139,1.55673754980902,0.027351914654015,997762.530244164,1683883.80671126,941564.4205354,217084.625159493,235391.10513385,276986.440566791,0.559162346465189,27
Georgia Strait (odd),2001,500016,764844.155667639,129796.811039432,894640.966707071,0.883330600318935,0.145082570404951,997762.530244164,1683883.80671126,941564.4205354,217084.625159493,235391.10513385,276986.440566791,0.559162346465189,22
Georgia Strait (odd),2003,192588,497052.56740761,178557.679768715,675610.247176325,1.16335873038036,0.264290958455688,997762.530244164,1683883.80671126,941564.4205354,217084.625159493,235391.10513385,276986.440566791,0.559162346465189,11
Georgia Strait (odd),2005,224217,528050.615376935,50199.8283746789,578250.443751614,0.830857217353346,0.086813298488781,997762.530244164,1683883.80671126,941564.4205354,217084.625159493,235391.10513385,276986.440566791,0.559162346465189,13
Georgia Strait (odd),2007,154700,394164.389007204,44570.2759065977,438734.664913802,5.90500170499219,0.101588225118602,997762.530244164,1683883.80671126,941564.4205354,217084.625159493,235391.10513385,276986.440566791,0.559162346465189,10
Georgia Strait (odd),2009,1083698,1907779.9863508,419761.402783942,2327541.38913474,0.688787179881312,0.180345408568647,997762.530244164,1683883.80671126,941564.4205354,217084.625159493,235391.10513385,276986.440566791,0.559162346465189,17
Georgia Strait (odd),2011,275527,664705.341616765,649349.055015813,1314054.39663258,6.32369168575153,0.494156906045783,997762.530244164,1683883.80671126,941564.4205354,217084.625159493,235391.10513385,276986.440566791,0.559162346465189,17
Georgia Strait (odd),2013,1838426,3267365.6943721,936025.947884464,4203391.64225657,1.02312844490235,0.222683496459056,997762.530244164,1683883.80671126,941564.4205354,217084.625159493,235391.10513385,276986.440566791,0.559162346465189,23
Georgia Strait (odd),2015,1846441,3061044.98535658,281889.796453645,3342934.78181023,0.250644926326446,0.084324049032449,997762.530244164,1683883.80671126,941564.4205354,217084.625159493,235391.10513385,276986.440566791,0.559162346465189,26
Georgia Strait (odd),2017,482238,730680.86777822,36554.527058417,767235.394836637,2.08704049295683,0.047644474309218,997762.530244164,1683883.80671126,941564.4205354,217084.625159493,235391.10513385,276986.440566791,0.559162346465189,24
Georgia Strait (odd),2019,751233,1230680.90482069,294279.65366129,1524960.55848198,2.11141907434076,0.192975255671025,997762.530244164,1683883.80671126,941564.4205354,217084.625159493,235391.10513385,276986.440566791,0.559162346465189,18
Georgia Strait (odd),2021,1163488,1920651.97287162,677831.163993728,2598483.13686535,,0.260856479835164,997762.530244164,1683883.80671126,941564.4205354,217084.625159493,235391.10513385,276986.440566791,0.559162346465189,19
East Howe Sound-Burrard Inlet (odd),1953,121725,133015.090645304,,,0,,,,,,,,,7
East Howe Sound-Burrard Inlet (odd),1955,91600,100095.972915258,,,0,,,,,,,,,7
East Howe Sound-Burrard Inlet (odd),1957,160950,175878.240619114,,,3.14019269764377,,,,,,,,,7
East Howe Sound-Burrard Inlet (odd),1959,211075,230652.374269521,321639.192597054,552291.566866575,4.32826436224467,0.582372087305032,158773.634157338,87642.0748134196,75255.824378637,36859.6816548677,18813.9560946593,4478.97247996165,0.858672327633143,7
East Howe Sound-Burrard Inlet (odd),1961,367575,401667.873846354,596656.577771534,998324.451617889,4.72715177905289,0.597657982637398,158773.634157338,87642.0748134196,75255.824378637,36859.6816548677,18813.9560946593,4478.97247996165,0.858672327633143,7
East Howe Sound-Burrard Inlet (odd),1963,855600,934957.581073089,963787.423368096,1898745.00444119,0.139465626867425,0.507591815179915,158773.634157338,87642.0748134196,75255.824378637,36859.6816548677,18813.9560946593,4478.97247996165,0.858672327633143,7
East Howe Sound-Burrard Inlet (odd),1965,73775,80617.6899762356,49776.7551625739,130394.445138809,1.13865086922331,0.38173984412898,158773.634157338,87642.0748134196,75255.824378637,36859.6816548677,18813.9560946593,4478.97247996165,0.858672327633143,7
East Howe Sound-Burrard Inlet (odd),1967,28400,31132.7521519862,60662.6506142297,91795.4027662159,1.05010186681242,0.660846281907222,158773.634157338,87642.0748134196,75255.824378637,36859.6816548677,18813.9560946593,4478.97247996165,0.858672327633143,4
East Howe Sound-Burrard Inlet (odd),1969,20050,21936.0707440686,10756.4904097404,32692.561153809,3.17987673071015,0.329019508723536,158773.634157338,87642.0748134196,75255.824378637,36859.6816548677,18813.9560946593,4478.97247996165,0.858672327633143,5
East Howe Sound-Burrard Inlet (odd),1971,38925,42586.6111577492,27167.3897645263,69754.0009222754,4.42274087895672,0.389474286855574,158773.634157338,87642.0748134196,75255.824378637,36859.6816548677,18813.9560946593,4478.97247996165,0.858672327633143,5
East Howe Sound-Burrard Inlet (odd),1973,95175,104127.956761433,84221.5893021786,188349.546063611,0.633009054743206,0.447155785943516,158773.634157338,87642.0748134196,75255.824378637,36859.6816548677,18813.9560946593,4478.97247996165,0.858672327633143,5
East Howe Sound-Burrard Inlet (odd),1975,42400,46388.498730599,19525.4407512972,65913.9394818961,1.33763966966135,0.296226274817939,158773.634157338,87642.0748134196,75255.824378637,36859.6816548677,18813.9560946593,4478.97247996165,0.858672327633143,5
East Howe Sound-Burrard Inlet (odd),1977,23630,25852.8354953786,36198.2606227058,62051.0961180844,2.3072539468226,0.583362146477152,158773.634157338,87642.0748134196,75255.824378637,36859.6816548677,18813.9560946593,4478.97247996165,0.858672327633143,5
East Howe Sound-Burrard Inlet (odd),1979,23651,25798.1099065418,33850.9468267258,59649.0567332676,3.35469910618341,0.56750179601493,158773.634157338,87642.0748134196,75255.824378637,36859.6816548677,18813.9560946593,4478.97247996165,0.858672327633143,7
East Howe Sound-Burrard Inlet (odd),1981,46080,50234.4947248595,36310.4015198378,86544.8962446973,0.970396789339961,0.419555665271973,158773.634157338,87642.0748134196,75255.824378637,36859.6816548677,18813.9560946593,4478.97247996165,0.858672327633143,8
East Howe Sound-Burrard Inlet (odd),1983,25509,27889.7482690067,20857.6441261121,48747.3923951188,0.824226350457423,0.427871996866044,158773.634157338,87642.0748134196,75255.824378637,36859.6816548677,18813.9560946593,4478.97247996165,0.858672327633143,6
East Howe Sound-Burrard Inlet (odd),1985,10420,11453.9505643413,11533.5148665984,22987.4654309396,7.87543628884079,0.501730601890324,158773.634157338,87642.0748134196,75255.824378637,36859.6816548677,18813.9560946593,4478.97247996165,0.858672327633143,5
East Howe Sound-Burrard Inlet (odd),1987,46075,50282.6044375734,39922.2534874284,90204.8579250018,7.0887710450407,0.442573209534021,158773.634157338,87642.0748134196,75255.824378637,36859.6816548677,18813.9560946593,4478.97247996165,0.858672327633143,6
East Howe Sound-Burrard Inlet (odd),1989,66425,68587.9507116808,287853.919694624,356441.870406305,5.64612406174569,0.807576055435076,158773.634157338,87642.0748134196,75255.824378637,36859.6816548677,18813.9560946593,4478.97247996165,0.858672327633143,6
East Howe Sound-Burrard Inlet (odd),1991,115555,141669.027695563,245587.051163485,387256.078859048,3.31594250055833,0.634172230135277,158773.634157338,87642.0748134196,75255.824378637,36859.6816548677,18813.9560946593,4478.97247996165,0.858672327633143,9
East Howe Sound-Burrard Inlet (odd),1993,168548,207259.686571104,262506.663377388,469766.349948492,0.547759308292206,0.558802611992474,158773.634157338,87642.0748134196,75255.824378637,36859.6816548677,18813.9560946593,4478.97247996165,0.858672327633143,7
East Howe Sound-Burrard Inlet (odd),1995,,40065.4150498208,73463.0075032265,113528.422553047,0.057186720456789,0.647089124037641,158773.634157338,87642.0748134196,75255.824378637,36859.6816548677,18813.9560946593,4478.97247996165,0.858672327633143,0
East Howe Sound-Burrard Inlet (odd),1997,1,1009.9216068386,1281.28808360074,2291.20969043933,144.554000820619,0.55921904003254,158773.634157338,87642.0748134196,75255.824378637,36859.6816548677,18813.9560946593,4478.97247996165,0.858672327633143,1
East Howe Sound-Burrard Inlet (odd),1999,,141995.151756563,3993.05702714448,145988.208783707,1.63869293908149,0.027351914654015,158773.634157338,87642.0748134196,75255.824378637,36859.6816548677,18813.9560946593,4478.97247996165,0.858672327633143,0
East Howe Sound-Burrard Inlet (odd),2001,144773,198927.703930412,33758.7486368712,232686.452567284,0.922739423741449,0.145082570404951,158773.634157338,87642.0748134196,75255.824378637,36859.6816548677,18813.9560946593,4478.97247996165,0.858672327633143,2
East Howe Sound-Burrard Inlet (odd),2003,98148,135045.600201001,48512.8346899574,183558.434890958,1.48213524317799,0.264290958455688,158773.634157338,87642.0748134196,75255.824378637,36859.6816548677,18813.9560946593,4478.97247996165,0.858672327633143,1
East Howe Sound-Burrard Inlet (odd),2005,132840,182779.654508507,17376.1889855208,200155.843494028,0.50550915246746,0.086813298488781,158773.634157338,87642.0748134196,75255.824378637,36859.6816548677,18813.9560946593,4478.97247996165,0.858672327633143,1
East Howe Sound-Burrard Inlet (odd),2007,60330,83010.3625150424,9386.42572384821,92396.7882388906,0.97047353731221,0.101588225118602,158773.634157338,87642.0748134196,75255.824378637,36859.6816548677,18813.9560946593,4478.97247996165,0.858672327633143,1
East Howe Sound-Burrard Inlet (odd),2009,59865,66030.8494244262,14528.5107191159,80559.3601435421,2.05971096148175,0.180345408568647,158773.634157338,87642.0748134196,75255.824378637,36859.6816548677,18813.9560946593,4478.97247996165,0.858672327633143,4
East Howe Sound-Burrard Inlet (odd),2011,50000,68796.9190411424,67207.5453142988,136004.464355441,1.28647725275953,0.494156906045783,158773.634157338,87642.0748134196,75255.824378637,36859.6816548677,18813.9560946593,4478.97247996165,0.858672327633143,1
East Howe Sound-Burrard Inlet (odd),2013,50000,68796.9190411424,19708.7523652265,88505.6714063689,4.05599477971684,0.222683496459056,158773.634157338,87642.0748134196,75255.824378637,36859.6816548677,18813.9560946593,4478.97247996165,0.858672327633143,1
East Howe Sound-Burrard Inlet (odd),2015,253,255510.166530165,23529.7779613111,279039.944491476,0.253934079903553,0.084324049032449,158773.634157338,87642.0748134196,75255.824378637,36859.6816548677,18813.9560946593,4478.97247996165,0.858672327633143,1
East Howe Sound-Burrard Inlet (odd),2017,,61791.4350503549,3091.30399348598,64882.7390438409,2.20794044060964,0.047644474309218,158773.634157338,87642.0748134196,75255.824378637,36859.6816548677,18813.9560946593,4478.97247996165,0.858672327633143,0
East Howe Sound-Burrard Inlet (odd),2019,,110103.845236651,26327.9630943317,136431.808330983,2.03577084111335,0.192975255671025,158773.634157338,87642.0748134196,75255.824378637,36859.6816548677,18813.9560946593,4478.97247996165,0.858672327633143,0
East Howe Sound-Burrard Inlet (odd),2021,,165676.209545754,58469.9880814763,224146.197627231,,0.260856479835164,158773.634157338,87642.0748134196,75255.824378637,36859.6816548677,18813.9560946593,4478.97247996165,0.858672327633143,0
East Vancouver Island (odd),1953,20750,25464.5073821787,,,0,,,,,,,,,5
East Vancouver Island (odd),1955,17725,21637.1788822844,,,0,,,,,,,,,6
East Vancouver Island (odd),1957,187650,229067.228054198,,,0.542214407837182,,,,,,,,,6
East Vancouver Island (odd),1959,42550,51870.8699264612,72332.6814878507,124203.551414312,4.16169621362613,0.582372087305032,121629.021770584,199717.765375491,155777.03094538,13162.1174885705,38944.2577363449,16976.3367522615,0.779985849794091,7
East Vancouver Island (odd),1961,71150,86853.8943568143,129016.908613633,215870.802970447,4.84059769543215,0.597657982637398,121629.021770584,199717.765375491,155777.03094538,13162.1174885705,38944.2577363449,16976.3367522615,0.779985849794091,6
East Vancouver Island (odd),1963,170675,207020.59334992,213404.167512982,420424.760862902,0.9985648287127,0.507591815179915,121629.021770584,199717.765375491,155777.03094538,13162.1174885705,38944.2577363449,16976.3367522615,0.779985849794091,7
East Vancouver Island (odd),1965,104700,127808.893031039,78914.5903074252,206723.483338465,0.256493257148114,0.38173984412898,121629.021770584,199717.765375491,155777.03094538,13162.1174885705,38944.2577363449,16976.3367522615,0.779985849794091,6
East Vancouver Island (odd),1967,8750,11118.1776360337,21663.9416299925,32782.1192660262,1.43602800946306,0.660846281907222,121629.021770584,199717.765375491,155777.03094538,13162.1174885705,38944.2577363449,16976.3367522615,0.779985849794091,6
East Vancouver Island (odd),1969,8600,10712.8842526219,5253.13024690826,15966.0144995301,14.311726715244,0.329019508723536,121629.021770584,199717.765375491,155777.03094538,13162.1174885705,38944.2577363449,16976.3367522615,0.779985849794091,4
East Vancouver Island (odd),1971,76575,93605.7240427785,59714.1477127869,153319.871755565,1.7386676787322,0.389474286855574,121629.021770584,199717.765375491,155777.03094538,13162.1174885705,38944.2577363449,16976.3367522615,0.779985849794091,7
East Vancouver Island (odd),1973,71800,89974.9795114496,72774.2674260553,162749.246937505,1.88826971095599,0.447155785943516,121629.021770584,199717.765375491,155777.03094538,13162.1174885705,38944.2577363449,16976.3367522615,0.779985849794091,4
East Vancouver Island (odd),1975,97950,119569.064683766,50327.9638715903,169897.028555356,0.150494705323776,0.296226274817939,121629.021770584,199717.765375491,155777.03094538,13162.1174885705,38944.2577363449,16976.3367522615,0.779985849794091,6
East Vancouver Island (odd),1977,6075,7497.19450298832,10497.3166524345,17994.5111554229,2.70536676486377,0.583362146477152,121629.021770584,199717.765375491,155777.03094538,13162.1174885705,38944.2577363449,16976.3367522615,0.779985849794091,7
East Vancouver Island (odd),1979,7010,8772.21438451829,11510.4464535857,20282.660838104,4.18064689038985,0.56750179601493,121629.021770584,199717.765375491,155777.03094538,13162.1174885705,38944.2577363449,16976.3367522615,0.779985849794091,5
East Vancouver Island (odd),1981,16000,21286.943180641,15386.5876078285,36673.5307884695,2.69447248861992,0.419555665271973,121629.021770584,199717.765375491,155777.03094538,13162.1174885705,38944.2577363449,16976.3367522615,0.779985849794091,2
East Vancouver Island (odd),1983,26380,32815.5932291029,24541.4895379498,57357.0827670527,1.67503917735243,0.427871996866044,121629.021770584,199717.765375491,155777.03094538,13162.1174885705,38944.2577363449,16976.3367522615,0.779985849794091,5
East Vancouver Island (odd),1985,21525,27388.5754496392,27578.8288371691,54967.4042868084,6.02923879046045,0.501730601890324,121629.021770584,199717.765375491,155777.03094538,13162.1174885705,38944.2577363449,16976.3367522615,0.779985849794091,3
East Vancouver Island (odd),1987,70300,92049.1465394854,73083.1149769323,165132.261516418,3.49560696171727,0.442573209534021,121629.021770584,199717.765375491,155777.03094538,13162.1174885705,38944.2577363449,16976.3367522615,0.779985849794091,3
East Vancouver Island (odd),1989,74100,94929.108176288,226838.52928727,321767.637463558,0.199895594658192,0.704976209153292,121629.021770584,199717.765375491,155777.03094538,13162.1174885705,38944.2577363449,16976.3367522615,0.779985849794091,4
East Vancouver Island (odd),1991,7200,9217.03494535657,9758.87558391431,18975.9105292709,46.2389729136725,0.514277065591186,121629.021770584,199717.765375491,155777.03094538,13162.1174885705,38944.2577363449,16976.3367522615,0.779985849794091,5
East Vancouver Island (odd),1993,50170,224175.521555169,202010.707627546,426186.229182715,0.121486062988023,0.473996327884493,121629.021770584,199717.765375491,155777.03094538,13162.1174885705,38944.2577363449,16976.3367522615,0.779985849794091,3
East Vancouver Island (odd),1995,12750,13843.4307727494,13390.7707592747,27234.2015320241,0.383945184773117,0.491689493577727,121629.021770584,199717.765375491,155777.03094538,13162.1174885705,38944.2577363449,16976.3367522615,0.779985849794091,4
East Vancouver Island (odd),1997,2545,3243.55267504523,2071.5659108919,5315.11858593713,1.45802171826388,0.389749706878206,121629.021770584,199717.765375491,155777.03094538,13162.1174885705,38944.2577363449,16976.3367522615,0.779985849794091,6
East Vancouver Island (odd),1999,3500,4656.51882076523,72.6514237836168,4729.17024454884,17.1488082788124,0.015362403979294,121629.021770584,199717.765375491,155777.03094538,13162.1174885705,38944.2577363449,16976.3367522615,0.779985849794091,2
East Vancouver Island (odd),2001,27006,73186.6211983163,6667.12730566826,79853.7485039846,0.189913013141273,0.083491726194113,121629.021770584,199717.765375491,155777.03094538,13162.1174885705,38944.2577363449,16976.3367522615,0.779985849794091,3
East Vancouver Island (odd),2003,8420,10786.8163406794,3112.27541272178,13899.0917534012,8.21208497083763,0.22391933717253,121629.021770584,199717.765375491,155777.03094538,13162.1174885705,38944.2577363449,16976.3367522615,0.779985849794091,4
East Vancouver Island (odd),2005,63957,83223.7577533041,5358.4946011751,88582.2523544792,3.64888632355209,0.060491740261153,121629.021770584,199717.765375491,155777.03094538,13162.1174885705,38944.2577363449,16976.3367522615,0.779985849794091,3
East Vancouver Island (odd),2007,220398,292790.859481901,10883.1719787429,303674.031460644,2.34767324318514,0.035838336015746,121629.021770584,199717.765375491,155777.03094538,13162.1174885705,38944.2577363449,16976.3367522615,0.779985849794091,3
East Vancouver Island (odd),2009,476103,632485.805551373,54891.4611034658,687377.266654839,0.207374902398193,0.079856381300764,121629.021770584,199717.765375491,155777.03094538,13162.1174885705,38944.2577363449,16976.3367522615,0.779985849794091,3
East Vancouver Island (odd),2011,63034,83862.5735280329,47299.1086664259,131161.682194459,3.85486558266883,0.360616819448082,121629.021770584,199717.765375491,155777.03094538,13162.1174885705,38944.2577363449,16976.3367522615,0.779985849794091,2
East Vancouver Island (odd),2013,223243,291883.143772716,31395.804594532,323278.948367248,1.52703719187524,0.09711676171028,121629.021770584,199717.765375491,155777.03094538,13162.1174885705,38944.2577363449,16976.3367522615,0.779985849794091,4
East Vancouver Island (odd),2015,330335,431902.538033265,13813.8781891391,445716.416222404,0.177540779512003,0.030992527280499,121629.021770584,199717.765375491,155777.03094538,13162.1174885705,38944.2577363449,16976.3367522615,0.779985849794091,4
East Vancouver Island (odd),2017,56052,74463.0770500618,2217.23622557677,76680.3132756386,1.57516100449365,0.028915325601326,121629.021770584,199717.765375491,155777.03094538,13162.1174885705,38944.2577363449,16976.3367522615,0.779985849794091,3
East Vancouver Island (odd),2019,81394,108129.017580331,9162.31766353227,117291.335243864,1.94489669771622,0.078115895300217,121629.021770584,199717.765375491,155777.03094538,13162.1174885705,38944.2577363449,16976.3367522615,0.779985849794091,3
East Vancouver Island (odd),2021,137458,182608.03620116,27691.7330181254,210299.769219285,,0.131677429418624,121629.021770584,199717.765375491,155777.03094538,13162.1174885705,38944.2577363449,16976.3367522615,0.779985849794091,3
Homathko-Klinaklini (odd),1953,58025,62101.7761832576,,,0,,,,,,,,,8
Homathko-Klinaklini (odd),1955,50150,53673.4868692868,,,0,,,,,,,,,8
Homathko-Klinaklini (odd),1957,45000,48584.8623170386,,,2.85873825143698,,,,,,,,,6
Homathko-Klinaklini (odd),1959,53725,58004.9272885088,80886.4770580085,138891.404346517,2.17642993862338,0.582372087305032,60170.8906674161,30374.9965689722,16338.0818134482,3222.35050770274,4084.52045336206,5178.20833209166,0.537879297413237,6
Homathko-Klinaklini (odd),1961,42050,50793.1289797841,75450.5313585989,126243.660338383,2.23468450699623,0.597657982637398,60170.8906674161,30374.9965689722,16338.0818134482,3222.35050770274,4084.52045336206,5178.20833209166,0.537879297413237,5
Homathko-Klinaklini (odd),1963,46000,55891.5879279557,57615.030465029,113506.618392985,1.36779342139826,0.507591815179914,60170.8906674161,30374.9965689722,16338.0818134482,3222.35050770274,4084.52045336206,5178.20833209166,0.537879297413237,3
Homathko-Klinaklini (odd),1965,38900,47264.8428347278,29183.3034446324,76448.1462793602,0.888038325308057,0.38173984412898,60170.8906674161,30374.9965689722,16338.0818134482,3222.35050770274,4084.52045336206,5178.20833209166,0.537879297413237,3
Homathko-Klinaklini (odd),1967,11800,14235.2962545287,27737.6956223715,41972.9918769002,2.12371452202329,0.660846281907222,60170.8906674161,30374.9965689722,16338.0818134482,3222.35050770274,4084.52045336206,5178.20833209166,0.537879297413237,5
Homathko-Klinaklini (odd),1969,15225,20284.8845286997,9946.82085234653,30231.7053810462,21.309056245072,0.329019508723536,60170.8906674161,30374.9965689722,16338.0818134482,3222.35050770274,4084.52045336206,5178.20833209166,0.537879297413237,3
Homathko-Klinaklini (odd),1971,218475,263900.80508581,168350.940261043,432251.745346853,0.766331216831452,0.389474286855574,60170.8906674161,30374.9965689722,16338.0818134482,3222.35050770274,4084.52045336206,5178.20833209166,0.537879297413237,5
Homathko-Klinaklini (odd),1973,100425,111804.684635059,90430.7404491504,202235.425084209,0.755475991104906,0.447155785943516,60170.8906674161,30374.9965689722,16338.0818134482,3222.35050770274,4084.52045336206,5178.20833209166,0.537879297413237,6
Homathko-Klinaklini (odd),1975,49100,59444.779000809,25020.9759340333,84465.7549348423,2.69655010954578,0.296226274817939,60170.8906674161,30374.9965689722,16338.0818134482,3222.35050770274,4084.52045336206,5178.20833209166,0.537879297413237,4
Homathko-Klinaklini (odd),1977,50000,66785.3085927299,93510.5167338267,160295.825326557,1.01996794175412,0.583362146477152,60170.8906674161,30374.9965689722,16338.0818134482,3222.35050770274,4084.52045336206,5178.20833209166,0.537879297413237,2
Homathko-Klinaklini (odd),1979,22498,29461.290552086,38657.5831926544,68118.8737447404,13.1236652642119,0.56750179601493,60170.8906674161,30374.9965689722,16338.0818134482,3222.35050770274,4084.52045336206,5178.20833209166,0.537879297413237,3
Homathko-Klinaklini (odd),1981,186030,224423.06459576,162217.050861505,386640.115457265,1.24317092913959,0.419555665271973,60170.8906674161,30374.9965689722,16338.0818134482,3222.35050770274,4084.52045336206,5178.20833209166,0.537879297413237,5
Homathko-Klinaklini (odd),1983,132271,159621.555799539,119374.673934327,278996.229733866,1.69192641193808,0.427871996866044,60170.8906674161,30374.9965689722,16338.0818134482,3222.35050770274,4084.52045336206,5178.20833209166,0.537879297413237,6
Homathko-Klinaklini (odd),1985,115735,134566.583022396,135501.343149493,270067.926171889,0.793580241541143,0.501730601890324,60170.8906674161,30374.9965689722,16338.0818134482,3222.35050770274,4084.52045336206,5178.20833209166,0.537879297413237,9
Homathko-Klinaklini (odd),1987,45056,59527.2621621356,47262.1192961434,106789.381458279,3.97623689729602,0.442573209534021,60170.8906674161,30374.9965689722,16338.0818134482,3222.35050770274,4084.52045336206,5178.20833209166,0.537879297413237,4
Homathko-Klinaklini (odd),1989,72225,86938.1110122407,149756.385191856,236694.496204097,0.133473446064674,0.63269905973109,60170.8906674161,30374.9965689722,16338.0818134482,3222.35050770274,4084.52045336206,5178.20833209166,0.537879297413237,5
Homathko-Klinaklini (odd),1991,4850,6411.82337104498,5192.10590011193,11603.9292711569,3.18628917506799,0.447443773465389,60170.8906674161,30374.9965689722,16338.0818134482,3222.35050770274,4084.52045336206,5178.20833209166,0.537879297413237,4
Homathko-Klinaklini (odd),1993,9576,11566.7511706074,8863.17222900125,20429.9233996086,0.648737698804815,0.433832866410603,60170.8906674161,30374.9965689722,16338.0818134482,3222.35050770274,4084.52045336206,5178.20833209166,0.537879297413237,5
Homathko-Klinaklini (odd),1995,3273,4554.37989001145,2949.40764705627,7503.78753706772,0.944602464596568,0.393055857790028,60170.8906674161,30374.9965689722,16338.0818134482,3222.35050770274,4084.52045336206,5178.20833209166,0.537879297413237,4
Homathko-Klinaklini (odd),1997,2730,3059.45919231133,1242.61927650253,4302.07846881386,0.733683574029408,0.288841611214297,60170.8906674161,30374.9965689722,16338.0818134482,3222.35050770274,4084.52045336206,5178.20833209166,0.537879297413237,4
Homathko-Klinaklini (odd),1999,424,2220.29195166178,24.3830031503218,2244.6749548121,10.9240315069529,0.010862598657347,60170.8906674161,30374.9965689722,16338.0818134482,3222.35050770274,4084.52045336206,5178.20833209166,0.537879297413237,3
Homathko-Klinaklini (odd),2001,18972,22836.6638815063,1417.87535308092,24254.5392345872,0.551986344775658,0.058458144241265,60170.8906674161,30374.9965689722,16338.0818134482,3222.35050770274,4084.52045336206,5178.20833209166,0.537879297413237,5
Homathko-Klinaklini (odd),2003,7128,9985.12112998599,2620.40549283696,12605.526622823,0.047990821176099,0.207877510495482,60170.8906674161,30374.9965689722,16338.0818134482,3222.35050770274,4084.52045336206,5178.20833209166,0.537879297413237,3
Homathko-Klinaklini (odd),2005,345,455.047483976936,24.1466785939073,479.194162570843,2.84904137994835,0.050390176842644,60170.8906674161,30374.9965689722,16338.0818134482,3222.35050770274,4084.52045336206,5178.20833209166,0.537879297413237,4
Homathko-Klinaklini (odd),2007,974,1284.68478085083,11.7643308408452,1296.44911169167,2.64648280128124,0.00907427120336,60170.8906674161,30374.9965689722,16338.0818134482,3222.35050770274,4084.52045336206,5178.20833209166,0.537879297413237,4
Homathko-Klinaklini (odd),2009,2498,3276.64761283321,123.248564756264,3399.89617758948,0.406837417206764,0.036250684820513,60170.8906674161,30374.9965689722,16338.0818134482,3222.35050770274,4084.52045336206,5178.20833209166,0.537879297413237,4
Homathko-Klinaklini (odd),2011,707,944.3442635012,388.718588400574,1333.06285190177,14.2570849699156,0.291598095203103,60170.8906674161,30374.9965689722,16338.0818134482,3222.35050770274,4084.52045336206,5178.20833209166,0.537879297413237,2
Homathko-Klinaklini (odd),2013,9716,12926.7031892632,536.893216325797,13463.596405589,0.07931310767609,0.039877399778779,60170.8906674161,30374.9965689722,16338.0818134482,3222.35050770274,4084.52045336206,5178.20833209166,0.537879297413237,3
Homathko-Klinaklini (odd),2015,3,1015.30549176469,9.95151018219398,1025.25700194689,1.33333333333333,0.009706356711826,60170.8906674161,30374.9965689722,16338.0818134482,3222.35050770274,4084.52045336206,5178.20833209166,0.537879297413237,1
Homathko-Klinaklini (odd),2017,,1353.74065568626,0,1353.74065568626,0.389737824350932,0,60170.8906674161,30374.9965689722,16338.0818134482,3222.35050770274,4084.52045336206,5178.20833209166,0.537879297413237,1
Homathko-Klinaklini (odd),2019,,527.603937882566,0,527.603937882566,1.31128044972567,0,60170.8906674161,30374.9965689722,16338.0818134482,3222.35050770274,4084.52045336206,5178.20833209166,0.537879297413237,2
Homathko-Klinaklini (odd),2021,,691.836728943686,0,691.836728943686,,0,60170.8906674161,30374.9965689722,16338.0818134482,3222.35050770274,4084.52045336206,5178.20833209166,0.537879297413237,3
Nahwitti,1953,21150,23127.4506968916,,,0,,,,,,,,,6
Nahwitti,1955,15925,16691.5183304039,,,0,,,,,,,,,7
Nahwitti,1957,82150,82150,,,1.53868436576288,,,,,,,,,8
Nahwitti,1959,50700,52789.3879085298,73613.5327388906,126402.92064742,1.12762190078506,0.582372087305032,25156.0690528837,54168.8429360382,27806.269646047,3678.64472211919,6951.56741151174,9574.20386908894,0.513325892503929,7
Nahwitti,1961,23950,23950,35576.4699346964,59526.4699346964,0.83428966346886,0.597657982637398,25156.0690528837,54168.8429360382,27806.269646047,3678.64472211919,6951.56741151174,9574.20386908894,0.513325892503929,8
Nahwitti,1963,9125,9838.92485832853,10142.3125817507,19981.2374400792,5.14356509607873,0.507591815179915,25156.0690528837,54168.8429360382,27806.269646047,3678.64472211919,6951.56741151174,9574.20386908894,0.513325892503929,6
Nahwitti,1965,30050,31288.3847465744,19318.7657376656,50607.15048424,0.765703068219251,0.38173984412898,25156.0690528837,54168.8429360382,27806.269646047,3678.64472211919,6951.56741151174,9574.20386908894,0.513325892503929,7
Nahwitti,1967,7100,8125.31325428081,15832.2989457956,23957.6122000764,0.587999473087239,0.660846281907222,25156.0690528837,54168.8429360382,27806.269646047,3678.64472211919,6951.56741151174,9574.20386908894,0.513325892503929,4
Nahwitti,1969,3100,3205.73001464017,1571.9498975457,4777.67991218587,3.22085134354472,0.329019508723536,25156.0690528837,54168.8429360382,27806.269646047,3678.64472211919,6951.56741151174,9574.20386908894,0.513325892503929,7
Nahwitti,1971,6225,6303.78777581661,4021.3920488788,10325.1798246954,5.37066551474785,0.389474286855574,25156.0690528837,54168.8429360382,27806.269646047,3678.64472211919,6951.56741151174,9574.20386908894,0.513325892503929,7
Nahwitti,1973,17240,18716.8369812268,15138.6986386404,33855.5356198673,0.610816422758075,0.447155785943516,25156.0690528837,54168.8429360382,27806.269646047,3678.64472211919,6951.56741151174,9574.20386908894,0.513325892503929,6
Nahwitti,1975,7680,8045.92929430526,3386.62211591376,11432.551410219,0.911212116972054,0.296226274817939,25156.0690528837,54168.8429360382,27806.269646047,3678.64472211919,6951.56741151174,9574.20386908894,0.513325892503929,6
Nahwitti,1977,2175,3054.60053224182,4276.94773302954,7331.54826527136,0.335925918265442,0.583362146477152,25156.0690528837,54168.8429360382,27806.269646047,3678.64472211919,6951.56741151174,9574.20386908894,0.513325892503929,3
Nahwitti,1979,316,443.794835948696,582.324652778744,1026.11948872744,7.31773727825638,0.56750179601493,25156.0690528837,54168.8429360382,27806.269646047,3678.64472211919,6951.56741151174,9574.20386908894,0.513325892503929,3
Nahwitti,1981,420,1885.03593856995,1362.5380763495,3247.57401491945,15.4642311707231,0.419555665271973,25156.0690528837,54168.8429360382,27806.269646047,3678.64472211919,6951.56741151174,9574.20386908894,0.513325892503929,2
Nahwitti,1983,15912,16677.8926011546,12472.7389180121,29150.6315191667,4.7274631961049,0.427871996866044,25156.0690528837,54168.8429360382,27806.269646047,3678.64472211919,6951.56741151174,9574.20386908894,0.513325892503929,7
Nahwitti,1985,36435,39285.6139411726,39558.5095193761,78844.1234605487,0.192884550028308,0.501730601890324,25156.0690528837,54168.8429360382,27806.269646047,3678.64472211919,6951.56741151174,9574.20386908894,0.513325892503929,6
Nahwitti,1987,3810,4223.95054026899,3353.6374273599,7577.58796762889,1.54789654235392,0.442573209534021,25156.0690528837,54168.8429360382,27806.269646047,3678.64472211919,6951.56741151174,9574.20386908894,0.513325892503929,5
Nahwitti,1989,2305,2431.63512524361,4106.60331111275,6538.23843635636,8.65766635537486,0.628090173077458,25156.0690528837,54168.8429360382,27806.269646047,3678.64472211919,6951.56741151174,9574.20386908894,0.513325892503929,6
Nahwitti,1991,4505,11714.1034227531,9338.18218961617,21052.2856123693,0.576203986870968,0.443570943391035,25156.0690528837,54168.8429360382,27806.269646047,3678.64472211919,6951.56741151174,9574.20386908894,0.513325892503929,3
Nahwitti,1993,1525,3836.28295794553,2913.43013686367,6749.7130948092,1.08312720410449,0.431637626065057,25156.0690528837,54168.8429360382,27806.269646047,3678.64472211919,6951.56741151174,9574.20386908894,0.513325892503929,3
Nahwitti,1995,2430,2546.96323660167,1608.21919779159,4155.18243439326,1.6013600383148,0.387039371479828,25156.0690528837,54168.8429360382,27806.269646047,3678.64472211919,6951.56741151174,9574.20386908894,0.513325892503929,7
Nahwitti,1997,2925,2925,1153.60514615083,4078.60514615083,0.99461781008481,0.282843056587506,25156.0690528837,54168.8429360382,27806.269646047,3678.64472211919,6951.56741151174,9574.20386908894,0.513325892503929,8
Nahwitti,1999,1860,2878.32038397245,30.9367105256147,2909.25709449807,3.90824495316815,0.010633886769279,25156.0690528837,54168.8429360382,27806.269646047,3678.64472211919,6951.56741151174,9574.20386908894,0.513325892503929,2
Nahwitti,2001,9217,10606.2290583865,642.952055874849,11249.1811142614,2.47017001904017,0.057155454192104,25156.0690528837,54168.8429360382,27806.269646047,3678.64472211919,6951.56741151174,9574.20386908894,0.513325892503929,4
Nahwitti,2003,17468,20774.6886448455,5424.50039025348,26199.189035099,1.99297322241137,0.207048408368148,25156.0690528837,54168.8429360382,27806.269646047,3678.64472211919,6951.56741151174,9574.20386908894,0.513325892503929,3
Nahwitti,2005,33077,39338.4689893264,2064.92918378412,41403.3981731106,0.676142986653443,0.049873422832361,25156.0690528837,54168.8429360382,27806.269646047,3678.64472211919,6951.56741151174,9574.20386908894,0.513325892503929,3
Nahwitti,2007,22193,26394.1301290964,204.29978372063,26598.429912817,5.63720401414128,0.00768089636833,25156.0690528837,54168.8429360382,27806.269646047,3678.64472211919,6951.56741151174,9574.20386908894,0.513325892503929,3
Nahwitti,2009,120861,143739.961318106,5049.13499540388,148789.09631351,0.241670655868142,0.033934845499465,25156.0690528837,54168.8429360382,27806.269646047,3678.64472211919,6951.56741151174,9574.20386908894,0.513325892503929,3
Nahwitti,2011,20805,24743.3820274794,9994.34869872855,34737.730726208,6.35281679175159,0.287708738878222,25156.0690528837,54168.8429360382,27806.269646047,3678.64472211919,6951.56741151174,9574.20386908894,0.513325892503929,3
Nahwitti,2013,127308,151407.377032172,5782.79579672322,157190.172828896,0.080450841908193,0.03678853259496,25156.0690528837,54168.8429360382,27806.269646047,3678.64472211919,6951.56741151174,9574.20386908894,0.513325892503929,3
Nahwitti,2015,5908,12076.0379329079,104.813020441557,12180.8509533494,0.56337293173204,0.008604737127396,25156.0690528837,54168.8429360382,27806.269646047,3678.64472211919,6951.56741151174,9574.20386908894,0.513325892503929,1
Nahwitti,2017,3257,6657.35537364268,145.957520326956,6803.31289396964,1.2734650339659,0.021453889098109,25156.0690528837,54168.8429360382,27806.269646047,3678.64472211919,6951.56741151174,9574.20386908894,0.513325892503929,1
Nahwitti,2019,4047,8272.1268643328,205.782422686132,8477.90928701893,2.04163271395461,0.024272779493079,25156.0690528837,54168.8429360382,27806.269646047,3678.64472211919,6951.56741151174,9574.20386908894,0.513325892503929,1
Nahwitti,2021,7696,15730.735939685,1157.90888051963,16888.6448202046,,0.068561385051711,25156.0690528837,54168.8429360382,27806.269646047,3678.64472211919,6951.56741151174,9574.20386908894,0.513325892503929,1
Aggregate (odd),1953,801050,1301011.62877745,0,0,0,,,,,,,,,
Aggregate (odd),1955,834275,1013110.01029565,0,0,0,,,,,,,,,
Aggregate (odd),1957,1158600,1265074.10760992,0,0,2.04782978884203,,,,,,,,,
Aggregate (odd),1959,999726,1081930.44265634,1508726,2590656.44265634,2.81220921515659,0.582372087305032,1578567.06792952,1932158.78954137,1078090.95068774,633467.624753693,269522.737671935,318495.932428003,0.557972231124775,93
Aggregate (odd),1961,1115625,1224171.7609966,1818443,3042614.7609966,3.20595028897112,0.597657982637398,1578567.06792952,1932158.78954137,1078090.95068774,633467.624753693,269522.737671935,318495.932428003,0.557972231124775,95
Aggregate (odd),1963,1740402,1932521.81091734,1992112,3924633.81091734,0.577439500141264,0.507591815179914,1578567.06792952,1932158.78954137,1078090.95068774,633467.624753693,269522.737671935,318495.932428003,0.557972231124775,95
Aggregate (odd),1965,621100,689925.428508201,425989,1115914.4285082,1.63791454122485,0.38173984412898,1578567.06792952,1932158.78954137,1078090.95068774,633467.624753693,269522.737671935,318495.932428003,0.557972231124775,84
Aggregate (odd),1967,354126,383256.891714371,746782,1130038.89171437,0.93658954795157,0.660846281907222,1578567.06792952,1932158.78954137,1078090.95068774,633467.624753693,269522.737671935,318495.932428003,0.557972231124775,76
Aggregate (odd),1969,217925,240851.398960087,118103,358954.398960087,7.07710654176415,0.329019508723536,1578567.06792952,1932158.78954137,1078090.95068774,633467.624753693,269522.737671935,318495.932428003,0.557972231124775,67
Aggregate (odd),1971,1430000,1040660.01117348,663871,1704531.01117348,2.19194192969444,0.389474286855574,1578567.06792952,1932158.78954137,1078090.95068774,633467.624753693,269522.737671935,318495.932428003,0.557972231124775,61
Aggregate (odd),1973,1174238,1261074.31304743,1019992,2281066.31304743,1.84651681527184,0.447155785943515,1578567.06792952,1932158.78954137,1078090.95068774,633467.624753693,269522.737671935,318495.932428003,0.557972231124775,62
Aggregate (odd),1975,1566100,1638803.92434946,689791,2328594.92434945,0.510322955590721,0.296226274817939,1578567.06792952,1932158.78954137,1078090.95068774,633467.624753693,269522.737671935,318495.932428003,0.557972231124775,56
Aggregate (odd),1977,278054,348442.262307686,487877,836319.262307686,2.14572947349967,0.583362146477152,1578567.06792952,1932158.78954137,1078090.95068774,633467.624753693,269522.737671935,318495.932428003,0.557972231124775,65
Aggregate (odd),1979,290277,323362.832046504,424300,747662.832046504,6.52619172281064,0.56750179601493,1578567.06792952,1932158.78954137,1078090.95068774,633467.624753693,269522.737671935,318495.932428003,0.557972231124775,68
Aggregate (odd),1981,1112561,1224927.8379665,885400,2110327.8379665,2.35827312719515,0.419555665271973,1578567.06792952,1932158.78954137,1078090.95068774,633467.624753693,269522.737671935,318495.932428003,0.557972231124775,70
Aggregate (odd),1983,1611888,1652714.40302965,1236000,2888714.40302965,1.23743183593432,0.427871996866044,1578567.06792952,1932158.78954137,1078090.95068774,633467.624753693,269522.737671935,318495.932428003,0.557972231124775,58
Aggregate (odd),1985,944634,1019021.41801608,1026100,2045121.41801608,1.05766941473799,0.501730601890324,1578567.06792952,1932158.78954137,1078090.95068774,633467.624753693,269522.737671935,318495.932428003,0.557972231124775,59
Aggregate (odd),1987,483557,600787.786798542,477000,1077787.78679854,3.50604389573666,0.442573209534021,1578567.06792952,1932158.78954137,1078090.95068774,633467.624753693,269522.737671935,318495.932428003,0.557972231124775,66
Aggregate (odd),1989,503576,556028.212538168,1550360.14,2106388.35253817,2.78079443723045,0.736027683656643,1578567.06792952,1932158.78954137,1078090.95068774,633467.624753693,269522.737671935,318495.932428003,0.557972231124775,76
Aggregate (odd),1991,448044,606854.050369329,939346.11,1546200.16036933,3.21315766436887,0.607519087163738,1578567.06792952,1932158.78954137,1078090.95068774,633467.624753693,269522.737671935,318495.932428003,0.557972231124775,66
Aggregate (odd),1993,686310,967964.523097501,981953.22,1949917.7430975,0.898509754304378,0.503586996669992,1578567.06792952,1932158.78954137,1078090.95068774,633467.624753693,269522.737671935,318495.932428003,0.557972231124775,56
Aggregate (odd),1995,314533,401197.73123897,468527.83458472,869725.56582369,2.37228188959391,0.538707671702155,1578567.06792952,1932158.78954137,1078090.95068774,633467.624753693,269522.737671935,318495.932428003,0.557972231124775,61
Aggregate (odd),1997,443457,543594.844420102,408159.267544271,951754.111964373,2.62053734219579,0.428849492125493,1578567.06792952,1932158.78954137,1078090.95068774,633467.624753693,269522.737671935,318495.932428003,0.557972231124775,62
Aggregate (odd),1999,857671,1394711.95882799,29798.63,1424510.58882799,2.1072970542936,0.020918503683793,1578567.06792952,1932158.78954137,1078090.95068774,633467.624753693,269522.737671935,318495.932428003,0.557972231124775,63
Aggregate (odd),2001,2061096,2637430.65242628,301641.75,2939072.40242628,0.443355673005551,0.102631615931267,1578567.06792952,1932158.78954137,1078090.95068774,633467.624753693,269522.737671935,318495.932428003,0.557972231124775,51
Aggregate (odd),2003,410543,874644.081911922,294675.76,1169319.84191192,1.39161717506838,0.252006123079365,1578567.06792952,1932158.78954137,1078090.95068774,633467.624753693,269522.737671935,318495.932428003,0.557972231124775,61
Aggregate (odd),2005,587777,1124407.32646055,92762.4,1217169.72646055,1.07665975698666,0.076211557010826,1578567.06792952,1932158.78954137,1078090.95068774,633467.624753693,269522.737671935,318495.932428003,0.557972231124775,42
Aggregate (odd),2007,716530,1135770.73886103,74833.38,1210604.11886103,3.79622635597829,0.061814906156445,1578567.06792952,1932158.78954137,1078090.95068774,633467.624753693,269522.737671935,318495.932428003,0.557972231124775,53
Aggregate (odd),2009,2596576,3745551.81321319,566091,4311642.81321319,0.524880401155298,0.131293575215738,1578567.06792952,1932158.78954137,1078090.95068774,633467.624753693,269522.737671935,318495.932428003,0.557972231124775,33
Aggregate (odd),2011,576554,1072578.73826729,893388,1965966.73826729,5.09391726743166,0.454426813338353,1578567.06792952,1932158.78954137,1078090.95068774,633467.624753693,269522.737671935,318495.932428003,0.557972231124775,33
Aggregate (odd),2013,2649859,4415293.65016565,1048333.70537416,5463627.35553981,1.02657401143069,0.191875037800886,1578567.06792952,1932158.78954137,1078090.95068774,633467.624753693,269522.737671935,318495.932428003,0.557972231124775,33
Aggregate (odd),2015,2231191,4202067.24310555,330558.47098947,4532625.71409502,0.228689798841993,0.072928693397635,1578567.06792952,1932158.78954137,1078090.95068774,633467.624753693,269522.737671935,318495.932428003,0.557972231124775,46
Aggregate (odd),2017,546084,917750.912546337,43189.3202520851,960969.912546337,1.95767211865128,0.04497435292795,1578567.06792952,1932158.78954137,1078090.95068774,633467.624753693,269522.737671935,318495.932428003,0.557972231124775,39
Aggregate (odd),2019,844389,1466096.90236926,330545.345995337,1796655.37335873,2.08508291497417,0.183985463150628,1578567.06792952,1932158.78954137,1078090.95068774,633467.624753693,269522.737671935,318495.932428003,0.557972231124775,46
Aggregate (odd),2021,1314020,2290999.89745254,765882.780617972,3056933.60282669,0.744011823426453,0.250556212495394,1578567.06792952,1932158.78954137,1078090.95068774,633467.624753693,269522.737671935,318495.932428003,0.557972231124775,42
