esc,river,year,area,exp,R,S,survival,log_survival,even_odd,pop,population_name
15000,VINER SOUND CREEK,1956,12,0.549968081128436,33330.96914017091,15000,2.2220646093447276,0.7984367679075459,even,34,viner_sound_creek_even
35000,AHTA RIVER,1956,12,0.549968081128436,77772.26132706547,15000,5.184817421804365,1.6457346282947496,even,36,ahta_river_even
75000,GLENDALE CREEK,1956,12,0.549968081128436,166654.84570085455,15000,11.110323046723638,2.407874680341646,even,38,glendale_creek_even
3500,WAKEMAN RIVER,1956,12,0.549968081128436,7777.226132706546,15000,0.5184817421804364,-0.6568504646992962,even,40,wakeman_river_even
35000,KAKWEIKEN RIVER,1956,12,0.549968081128436,77772.26132706547,75000,1.0369634843608728,0.03629671586064909,even,42,kakweiken_river_even
3500,LULL CREEK,1956,12,0.549968081128436,7777.226132706546,400,19.443065331766366,2.967490468277069,even,44,lull_creek_even
400,AHNUHATI RIVER,1956,12,0.549968081128436,888.825843737891,400,2.2220646093447276,0.7984367679075459,even,46,ahnuhati_river_even
3500,KINGCOME RIVER,1956,12,0.549968081128436,7777.226132706546,7500,1.0369634843608728,0.03629671586064909,even,48,kingcome_river_even
3500,VINER SOUND CREEK,1958,12,0.619558161810302,9199.829379056913,15000,0.6133219586037942,-0.4888652629738734,even,34,viner_sound_creek_even
25000,AHTA RIVER,1958,12,0.619558161810302,65713.06699326367,35000,1.8775161998075334,0.6299497330117557,even,36,ahta_river_even
75000,GLENDALE CREEK,1958,12,0.619558161810302,197139.200979791,75000,2.6285226797305468,0.9664219696329687,even,38,glendale_creek_even
3500,WAKEMAN RIVER,1958,12,0.619558161810302,9199.829379056913,3500,2.6285226797305468,0.9664219696329687,even,40,wakeman_river_even
35000,KAKWEIKEN RIVER,1958,12,0.619558161810302,91998.29379056914,35000,2.6285226797305468,0.9664219696329687,even,42,kakweiken_river_even
750,LULL CREEK,1958,12,0.619558161810302,1971.3920097979099,3500,0.56325485994226,-0.5740230713141803,even,44,lull_creek_even
7500,AHNUHATI RIVER,1958,12,0.619558161810302,19713.9200979791,400,49.284800244947746,3.8976157220493883,even,46,ahnuhati_river_even
35000,KINGCOME RIVER,1958,12,0.619558161810302,91998.29379056914,3500,26.285226797305466,3.2690070626270145,even,48,kingcome_river_even
400,VINER SOUND CREEK,1959,12,0.582372087305033,957.7903867075994,750,1.277053848943466,0.2445557444804243,odd,33,viner_sound_creek_odd
1500,AHTA RIVER,1959,12,0.582372087305033,3591.7139501534975,40000,0.08979284875383743,-2.4102499421029737,odd,35,ahta_river_odd
175000,GLENDALE CREEK,1959,12,0.582372087305033,419033.29418457474,75000,5.587110589127663,1.720462264290002,odd,37,glendale_creek_odd
35000,WAKEMAN RIVER,1959,12,0.582372087305033,83806.65883691494,35000,2.394475966768998,0.8731644039027981,odd,39,wakeman_river_odd
1500,KAKWEIKEN RIVER,1959,12,0.582372087305033,3591.7139501534975,30000,0.11972379833844991,-2.122567869651193,odd,41,kakweiken_river_odd
200,LULL CREEK,1959,12,0.582372087305033,478.8951933537997,3500,0.13682719810108562,-1.98903647702667,odd,43,lull_creek_odd
7500,AHNUHATI RIVER,1959,12,0.582372087305033,17958.56975076749,750,23.944759667689986,3.1757494968968443,odd,45,ahnuhati_river_odd
7500,KINGCOME RIVER,1959,12,0.582372087305033,17958.56975076749,7500,2.3944759667689985,0.8731644039027984,odd,47,kingcome_river_odd
400,VINER SOUND CREEK,1960,12,0.587872793274094,970.5741175831388,3500,0.27730689073803966,-1.2826304772712387,even,34,viner_sound_creek_even
7500,AHTA RIVER,1960,12,0.587872793274094,18198.26470468385,25000,0.727930588187354,-0.31754958122765176,even,36,ahta_river_even
35000,GLENDALE CREEK,1960,12,0.587872793274094,84925.23528852464,75000,1.1323364705136618,0.12428317105138749,even,38,glendale_creek_even
3500,WAKEMAN RIVER,1960,12,0.587872793274094,8492.523528852464,3500,2.4264352939578466,0.8864232230982843,even,40,wakeman_river_even
7500,KAKWEIKEN RIVER,1960,12,0.587872793274094,18198.26470468385,35000,0.5199504201338243,-0.6540218178488647,even,42,kakweiken_river_even
1500,LULL CREEK,1960,12,0.587872793274094,3639.6529409367704,750,4.852870587915694,1.5795704036582296,even,44,lull_creek_even
7500,AHNUHATI RIVER,1960,12,0.587872793274094,18198.26470468385,7500,2.4264352939578466,0.8864232230982843,even,46,ahnuhati_river_even
15000,KINGCOME RIVER,1960,12,0.587872793274094,36396.5294093677,35000,1.0399008402676486,0.03912536271108065,even,48,kingcome_river_even
1500,VINER SOUND CREEK,1961,12,0.597657982637398,3728.171394657391,400,9.320428486643477,2.23220860260243,odd,33,viner_sound_creek_odd
15000,AHTA RIVER,1961,12,0.597657982637398,37281.71394657391,1500,24.854475964382605,3.2130378556141563,odd,35,ahta_river_odd
100000,GLENDALE CREEK,1961,12,0.597657982637398,248544.75964382605,175000,1.4202557693932918,0.350836974684688,odd,37,glendale_creek_odd
35000,WAKEMAN RIVER,1961,12,0.597657982637398,86990.66587533911,35000,2.4854475964382603,0.9104527626201105,odd,39,wakeman_river_odd
35000,KAKWEIKEN RIVER,1961,12,0.597657982637398,86990.66587533911,1500,57.993777250226074,4.06033571600136,odd,41,kakweiken_river_odd
25,LULL CREEK,1961,12,0.597657982637398,62.13618991095651,200,0.31068094955478254,-1.1689887790597253,odd,43,lull_creek_odd
35000,AHNUHATI RIVER,1961,12,0.597657982637398,86990.66587533911,7500,11.598755450045214,2.4508978035672593,odd,45,ahnuhati_river_odd
3500,KINGCOME RIVER,1961,12,0.597657982637398,8699.066587533911,7500,1.1598755450045215,0.14831271057321382,odd,47,kingcome_river_odd
35000,VINER SOUND CREEK,1962,12,0.509721037969587,71387.92954740097,400,178.46982386850243,5.184419532970493,even,34,viner_sound_creek_even
15000,AHTA RIVER,1962,12,0.509721037969587,30594.826948886133,7500,4.079310259851485,1.40592792016687,even,36,ahta_river_even
100000,GLENDALE CREEK,1962,12,0.509721037969587,203965.51299257422,35000,5.82758608550212,1.7626028641056022,even,38,glendale_creek_even
15000,WAKEMAN RIVER,1962,12,0.509721037969587,30594.826948886133,3500,8.74137912825318,2.1680679722137666,even,40,wakeman_river_even
35000,KAKWEIKEN RIVER,1962,12,0.509721037969587,71387.92954740097,7500,9.51839060632013,2.2532257805540734,even,42,kakweiken_river_even
200,LULL CREEK,1962,12,0.509721037969587,407.93102598514844,1500,0.2719540173234323,-1.3021222809353403,even,44,lull_creek_even
35000,AHNUHATI RIVER,1962,12,0.509721037969587,71387.92954740097,7500,9.51839060632013,2.2532257805540734,even,46,ahnuhati_river_even
35000,KINGCOME RIVER,1962,12,0.509721037969587,71387.92954740097,15000,4.759195303160065,1.560078599994128,even,48,kingcome_river_even
200,VINER SOUND CREEK,1963,12,0.507591815179915,406.1670909736717,1500,0.27077806064911447,-1.3064557580313938,odd,33,viner_sound_creek_odd
7000,AHTA RIVER,1963,12,0.507591815179915,14215.84818407851,15000,0.9477232122719007,-0.05369278953602571,odd,35,ahta_river_odd
100000,GLENDALE CREEK,1963,12,0.507591815179915,203083.54548683585,100000,2.0308354548683587,0.7084472625108711,odd,37,glendale_creek_odd
35000,WAKEMAN RIVER,1963,12,0.507591815179915,71079.24092039255,35000,2.0308354548683587,0.7084472625108711,odd,39,wakeman_river_odd
35000,KAKWEIKEN RIVER,1963,12,0.507591815179915,71079.24092039255,35000,2.0308354548683587,0.7084472625108711,odd,41,kakweiken_river_odd
7500,AHNUHATI RIVER,1963,12,0.507591815179915,15231.265911512688,35000,0.4351790260432197,-0.831997778436278,odd,45,ahnuhati_river_odd
7500,KINGCOME RIVER,1963,12,0.507591815179915,15231.265911512688,3500,4.351790260432197,1.4705873145577677,odd,47,kingcome_river_odd
400,VINER SOUND CREEK,1964,12,0.566106423249654,921.8850460885072,35000,0.02633957274538592,-3.6366828035508028,even,34,viner_sound_creek_even
1500,AHTA RIVER,1964,12,0.566106423249654,3457.0689228319025,15000,0.23047126152212682,-1.4676291031812796,even,36,ahta_river_even
150000,GLENDALE CREEK,1964,12,0.566106423249654,345706.8922831902,100000,3.457068922831902,1.2404210979209302,even,38,glendale_creek_even
3500,WAKEMAN RIVER,1964,12,0.566106423249654,8066.494153274439,15000,0.5377662768849626,-0.6203312427940761,even,40,wakeman_river_even
3500,KAKWEIKEN RIVER,1964,12,0.566106423249654,8066.494153274439,35000,0.23047126152212682,-1.4676291031812796,even,42,kakweiken_river_even
750,LULL CREEK,1964,12,0.566106423249654,1728.5344614159512,200,8.642672307079756,2.1567118297950856,even,44,lull_creek_even
35000,AHNUHATI RIVER,1964,12,0.566106423249654,80664.94153274439,35000,2.304712615221268,0.8349559898127659,even,46,ahnuhati_river_even
7500,KINGCOME RIVER,1964,12,0.566106423249654,17285.344614159512,35000,0.4938669889759861,-0.7054890511343829,even,48,kingcome_river_even
3500,AHTA RIVER,1965,12,0.38173984412898,5661.047322496651,7000,0.8087210460709501,-0.21230123464752104,odd,35,ahta_river_odd
50000,GLENDALE CREEK,1965,12,0.38173984412898,80872.10460709501,100000,0.8087210460709501,-0.21230123464752104,odd,37,glendale_creek_odd
35000,WAKEMAN RIVER,1965,12,0.38173984412898,56610.47322496651,35000,1.6174420921419004,0.4808459459124244,odd,39,wakeman_river_odd
35000,KAKWEIKEN RIVER,1965,12,0.38173984412898,56610.47322496651,35000,1.6174420921419004,0.4808459459124244,odd,41,kakweiken_river_odd
15000,AHNUHATI RIVER,1965,12,0.38173984412898,24261.631382128504,7500,3.2348841842838003,1.1739931264723695,odd,45,ahnuhati_river_odd
3500,KINGCOME RIVER,1965,12,0.38173984412898,5661.047322496651,7500,0.7548063096662201,-0.2812941061344725,odd,47,kingcome_river_odd
200,VINER SOUND CREEK,1966,12,0.71572625995078,703.5472216511149,400,1.7588680541277872,0.5646704510759366,even,34,viner_sound_creek_even
15000,AHTA RIVER,1966,12,0.71572625995078,52766.04162383361,1500,35.17736108255574,3.5604027246299275,even,36,ahta_river_even
220000,GLENDALE CREEK,1966,12,0.71572625995078,773901.9438162263,150000,5.159346292108175,1.6408098838919876,even,38,glendale_creek_even
1500,WAKEMAN RIVER,1966,12,0.71572625995078,5276.604162383362,3500,1.507601189252389,0.4105197712486783,even,40,wakeman_river_even
7500,KAKWEIKEN RIVER,1966,12,0.71572625995078,26383.020811916806,3500,7.538005946261944,2.0199576836827786,even,42,kakweiken_river_even
3500,LULL CREEK,1966,12,0.71572625995078,12312.07637889451,750,16.416101838526014,2.798262672583031,even,44,lull_creek_even
75000,AHNUHATI RIVER,1966,12,0.71572625995078,263830.20811916806,35000,7.538005946261944,2.0199576836827786,even,46,ahnuhati_river_even
7500,KINGCOME RIVER,1966,12,0.71572625995078,26383.020811916806,7500,3.517736108255574,1.2578176316358818,even,48,kingcome_river_even
15000,AHTA RIVER,1967,12,0.660846281907222,44227.73273532753,3500,12.636495067236439,2.5365890612825535,odd,35,ahta_river_odd
75000,GLENDALE CREEK,1967,12,0.660846281907222,221138.66367663766,50000,4.422773273532753,1.4867669367838758,odd,37,glendale_creek_odd
7500,WAKEMAN RIVER,1967,12,0.660846281907222,22113.866367663766,35000,0.6318247533618219,-0.45914321227143745,odd,39,wakeman_river_odd
75000,KAKWEIKEN RIVER,1967,12,0.660846281907222,221138.66367663766,35000,6.318247533618219,1.8434418807226083,odd,41,kakweiken_river_odd
25,LULL CREEK,1967,12,0.660846281907222,73.71288789221255,25,2.948515515688502,1.0813018286757115,odd,43,lull_creek_odd
3500,AHNUHATI RIVER,1967,12,0.660846281907222,10319.804304909758,15000,0.6879869536606505,-0.3739854039311305,odd,45,ahnuhati_river_odd
3500,KINGCOME RIVER,1967,12,0.660846281907222,10319.804304909758,3500,2.948515515688502,1.0813018286757115,odd,47,kingcome_river_odd
75,VINER SOUND CREEK,1968,12,0.708655785135782,257.42745581872634,200,1.2871372790936317,0.2524205888879982,even,34,viner_sound_creek_even
7500,AHTA RIVER,1968,12,0.708655785135782,25742.745581872634,15000,1.716183038791509,0.540102661339779,even,36,ahta_river_even
162500,GLENDALE CREEK,1968,12,0.708655785135782,557759.4876072404,220000,2.5352703982147293,0.9303002973171551,even,38,glendale_creek_even
3500,WAKEMAN RIVER,1968,12,0.708655785135782,12013.281271540563,1500,8.008854181027042,2.080547702286928,even,40,wakeman_river_even
62500,KAKWEIKEN RIVER,1968,12,0.708655785135782,214522.8798489386,7500,28.603050646525148,3.3535133780998154,even,42,kakweiken_river_even
200,LULL CREEK,1968,12,0.708655785135782,686.4732155166035,3500,0.1961352044333153,-1.628951039029744,even,44,lull_creek_even
55000,AHNUHATI RIVER,1968,12,0.708655785135782,188780.134267066,75000,2.517068456894213,0.9230949135958849,even,46,ahnuhati_river_even
7500,KINGCOME RIVER,1968,12,0.708655785135782,25742.745581872634,7500,3.432366077583018,1.2332498418997244,even,48,kingcome_river_even
3000,AHTA RIVER,1969,12,0.329019508723536,4471.068889488637,15000,0.2980712592992425,-1.2104226958973547,odd,35,ahta_river_odd
50000,GLENDALE CREEK,1969,12,0.329019508723536,74517.81482481062,75000,0.9935708643308082,-0.006449891571418793,odd,37,glendale_creek_odd
15000,WAKEMAN RIVER,1969,12,0.329019508723536,22355.344447443185,7500,2.9807125929924245,1.092162397096691,odd,39,wakeman_river_odd
45000,KAKWEIKEN RIVER,1969,12,0.329019508723536,67066.03334232955,75000,0.8942137778977274,-0.11181040722924511,odd,41,kakweiken_river_odd
25,LULL CREEK,1969,12,0.329019508723536,37.25890741240531,25,1.4903562964962123,0.39901521653674554,odd,43,lull_creek_odd
1500,AHNUHATI RIVER,1969,12,0.329019508723536,2235.5344447443185,3500,0.6387241270698053,-0.44828264385045796,odd,45,ahnuhati_river_odd
200,KINGCOME RIVER,1969,12,0.329019508723536,298.07125929924246,3500,0.0851632169426407,-2.463185664392723,odd,47,kingcome_river_odd
4000,VINER SOUND CREEK,1970,12,0.670973935748448,12157.091594244823,75,162.09455458993096,5.088179835271337,even,34,viner_sound_creek_even
3500,AHTA RIVER,1970,12,0.670973935748448,10637.45514496422,7500,1.418327352661896,0.3494782566587225,even,36,ahta_river_even
150000,GLENDALE CREEK,1970,12,0.670973935748448,455890.9347841809,162500,2.805482675594959,1.031575601032083,even,38,glendale_creek_even
75000,WAKEMAN RIVER,1970,12,0.670973935748448,227945.46739209045,3500,65.12727639774013,4.176343453746562,even,40,wakeman_river_even
35000,KAKWEIKEN RIVER,1970,12,0.670973935748448,106374.5514496422,62500,1.7019928231942751,0.531799813452677,even,42,kakweiken_river_even
400,LULL CREEK,1970,12,0.670973935748448,1215.7091594244823,200,6.078545797122412,1.8047654892655647,even,44,lull_creek_even
35000,AHNUHATI RIVER,1970,12,0.670973935748448,106374.5514496422,55000,1.9340827536298582,0.659633184962562,even,46,ahnuhati_river_even
25000,KINGCOME RIVER,1970,12,0.670973935748448,75981.82246403015,7500,10.130909661870687,2.315591113031555,even,48,kingcome_river_even
15000,AHTA RIVER,1971,12,0.389474286855574,24568.98976907071,3000,8.189663256356903,2.1028727805797356,odd,35,ahta_river_odd
150000,GLENDALE CREEK,1971,12,0.389474286855574,245689.8976907071,50000,4.913797953814142,1.5920471568137449,odd,37,glendale_creek_odd
700000,WAKEMAN RIVER,1971,12,0.389474286855574,1146552.8558899665,15000,76.4368570593311,4.33646500208683,odd,39,wakeman_river_odd
220000,KAKWEIKEN RIVER,1971,12,0.389474286855574,360345.1832797037,45000,8.007670739548972,2.080399924727677,odd,41,kakweiken_river_odd
1500,LULL CREEK,1971,12,0.389474286855574,2456.898976907071,25,98.27595907628283,4.5877794303677355,odd,43,lull_creek_odd
3500,AHNUHATI RIVER,1971,12,0.389474286855574,5732.764279449832,1500,3.821842852966555,1.3407327285328388,odd,45,ahnuhati_river_odd
7500,KINGCOME RIVER,1971,12,0.389474286855574,12284.494884535356,200,61.42247442267678,4.117775801122001,odd,47,kingcome_river_odd
400,VINER SOUND CREEK,1972,12,0.512290219774585,820.1598906118381,4000,0.20503997265295953,-1.5845503303005035,even,34,viner_sound_creek_even
20000,AHTA RIVER,1972,12,0.512290219774585,41007.99453059191,3500,11.716569865883402,2.461004067752165,even,36,ahta_river_even
9500,GLENDALE CREEK,1972,12,0.512290219774585,19478.797402031156,150000,0.12985864934687438,-2.0413087327962183,even,38,glendale_creek_even
75000,WAKEMAN RIVER,1972,12,0.512290219774585,153779.97948971967,75000,2.0503997265295957,0.7180347626935424,even,40,wakeman_river_even
15000,KAKWEIKEN RIVER,1972,12,0.512290219774585,30755.995897943933,35000,0.8787427399412552,-0.12926309769366134,even,42,kakweiken_river_even
400,LULL CREEK,1972,12,0.512290219774585,820.1598906118381,400,2.0503997265295952,0.7180347626935422,even,44,lull_creek_even
3000,AHNUHATI RIVER,1972,12,0.512290219774585,6151.199179588786,35000,0.17574854798825104,-1.7387010101277616,even,46,ahnuhati_river_even
75000,KINGCOME RIVER,1972,12,0.512290219774585,153779.97948971967,25000,6.151199179588787,1.816647051361652,even,48,kingcome_river_even
300,VINER SOUND CREEK,1973,12,0.447155785943516,542.648348978378,25,21.70593395913512,3.077585677502615,odd,33,viner_sound_creek_odd
15000,AHTA RIVER,1973,12,0.447155785943516,27132.4174489189,15000,1.8088278299279266,0.5926790277146147,odd,35,ahta_river_odd
200000,GLENDALE CREEK,1973,12,0.447155785943516,361765.5659855853,150000,2.411770439903902,0.8803611001663955,odd,37,glendale_creek_odd
80000,WAKEMAN RIVER,1973,12,0.447155785943516,144706.2263942341,700000,0.20672318056319158,-1.5763746726549086,odd,39,wakeman_river_odd
300000,KAKWEIKEN RIVER,1973,12,0.447155785943516,542648.348978378,220000,2.4665834044471726,0.9028339560184542,odd,41,kakweiken_river_odd
1600,LULL CREEK,1973,12,0.447155785943516,2894.1245278846823,1500,1.9294163519231216,0.6572175488521858,odd,43,lull_creek_odd
3000,AHNUHATI RIVER,1973,12,0.447155785943516,5426.483489783779,3500,1.5504238542239368,0.4385283478873562,odd,45,ahnuhati_river_odd
20000,KINGCOME RIVER,1973,12,0.447155785943516,36176.55659855853,7500,4.823540879807804,1.5735082807263407,odd,47,kingcome_river_odd
200,VINER SOUND CREEK,1974,12,0.574802908894744,470.3701040854268,400,1.175925260213567,0.1620552932166148,even,34,viner_sound_creek_even
20000,AHTA RIVER,1974,12,0.574802908894744,47037.01040854268,20000,2.351850520427134,0.8552024737765601,even,36,ahta_river_even
30000,GLENDALE CREEK,1974,12,0.574802908894744,70555.51561281402,9500,7.4268963802962125,2.00510805683222,even,38,glendale_creek_even
81000,WAKEMAN RIVER,1974,12,0.574802908894744,190499.89215459785,75000,2.539998562061305,0.9321635149126885,even,40,wakeman_river_even
100000,KAKWEIKEN RIVER,1974,12,0.574802908894744,235185.05204271342,15000,15.679003469514228,2.7523224586624413,even,42,kakweiken_river_even
1500,LULL CREEK,1974,12,0.574802908894744,3527.775780640701,400,8.819439451601752,2.1769583137588797,even,44,lull_creek_even
15000,AHNUHATI RIVER,1974,12,0.574802908894744,35277.75780640701,3000,11.759252602135671,2.4646403862106605,even,46,ahnuhati_river_even
190000,KINGCOME RIVER,1974,12,0.574802908894744,446851.5988811555,75000,5.9580213184154065,1.7847384324007358,even,48,kingcome_river_even
50,VINER SOUND CREEK,1975,12,0.29622627481794,71.04556224668013,300,0.2368185408222671,-1.4404610816460366,odd,33,viner_sound_creek_odd
8000,AHTA RIVER,1975,12,0.29622627481794,11367.289959468822,15000,0.7578193306312548,-0.2773102718403555,odd,35,ahta_river_odd
150000,GLENDALE CREEK,1975,12,0.29622627481794,213136.6867400404,200000,1.065683433700202,0.06361631513023751,odd,37,glendale_creek_odd
40000,WAKEMAN RIVER,1975,12,0.29622627481794,56836.44979734411,80000,0.7104556224668014,-0.3418487929779267,odd,39,wakeman_river_odd
800000,KAKWEIKEN RIVER,1975,12,0.29622627481794,1136728.9959468823,300000,3.789096653156274,1.3321276405937448,odd,41,kakweiken_river_odd
1600,LULL CREEK,1975,12,0.29622627481794,2273.4579918937643,1600,1.4209112449336028,0.3512983875820186,odd,43,lull_creek_odd
20000,AHNUHATI RIVER,1975,12,0.29622627481794,28418.224898672055,3000,9.472741632890685,2.2484183724678997,odd,45,ahnuhati_river_odd
9000,KINGCOME RIVER,1975,12,0.29622627481794,12788.201204402425,20000,0.6394100602201213,-0.447209308635753,odd,47,kingcome_river_odd
25,VINER SOUND CREEK,1976,12,0.688816612508765,80.33847886788034,200,0.4016923943394017,-0.9120686714794866,even,34,viner_sound_creek_even
250,AHTA RIVER,1976,12,0.688816612508765,803.3847886788034,20000,0.04016923943394017,-3.2146537644735322,even,36,ahta_river_even
150000,GLENDALE CREEK,1976,12,0.688816612508765,482030.87320728204,30000,16.06769577357607,2.77681078263445,even,38,glendale_creek_even
55000,WAKEMAN RIVER,1976,12,0.688816612508765,176744.65350933676,81000,2.1820327593745277,0.7802569007603816,even,40,wakeman_river_even
500000,KAKWEIKEN RIVER,1976,12,0.688816612508765,1606769.5773576067,100000,16.067695773576066,2.7768107826344495,even,42,kakweiken_river_even
1500,LULL CREEK,1976,12,0.688816612508765,4820.30873207282,1500,3.2135391547152135,1.1673728702003494,even,44,lull_creek_even
100000,AHNUHATI RIVER,1976,12,0.688816612508765,321353.9154715214,15000,21.423594364768093,3.0644928550862307,even,46,ahnuhati_river_even
275000,KINGCOME RIVER,1976,12,0.688816612508765,883723.2675466838,190000,4.651175092350967,1.5371198957064345,even,48,kingcome_river_even
8000,AHTA RIVER,1977,12,0.583362146477151,19201.327801486645,8000,2.4001659751858306,0.8755378912901408,odd,35,ahta_river_odd
16000,GLENDALE CREEK,1977,12,0.583362146477151,38402.65560297329,150000,0.25601770401982193,-1.3625086805663338,odd,37,glendale_creek_odd
25000,WAKEMAN RIVER,1977,12,0.583362146477151,60004.14937964576,40000,1.5001037344911439,0.40553426204440507,odd,39,wakeman_river_odd
75000,KAKWEIKEN RIVER,1977,12,0.583362146477151,180012.44813893727,800000,0.22501556017367158,-1.4915857228414762,odd,41,kakweiken_river_odd
400,LULL CREEK,1977,12,0.583362146477151,960.0663900743322,1600,0.6000414937964575,-0.51075646982975,odd,43,lull_creek_odd
4000,AHNUHATI RIVER,1977,12,0.583362146477151,9600.663900743322,20000,0.4800331950371661,-0.7339000211439596,odd,45,ahnuhati_river_odd
25000,KINGCOME RIVER,1977,12,0.583362146477151,60004.14937964576,9000,6.667127708849529,1.897189138822122,odd,47,kingcome_river_odd
13000,AHTA RIVER,1978,12,0.538202387566248,28150.860138682376,250,112.6034405547295,4.723872270786998,even,36,ahta_river_even
275000,GLENDALE CREEK,1978,12,0.538202387566248,595498.9644721271,150000,3.969993096480848,1.3787643557758864,even,38,glendale_creek_even
25000,WAKEMAN RIVER,1978,12,0.538202387566248,54136.269497466106,55000,0.9842958090448383,-0.015828808158699432,even,40,wakeman_river_even
222000,KAKWEIKEN RIVER,1978,12,0.538202387566248,480730.07313749904,500000,0.9614601462749981,-0.03930216434434148,even,42,kakweiken_river_even
150,LULL CREEK,1978,12,0.538202387566248,324.81761698479664,1500,0.21654507798986442,-1.529956540788475,even,44,lull_creek_even
120000,AHNUHATI RIVER,1978,12,0.538202387566248,259854.0935878373,100000,2.598540935878373,0.9549501089995253,even,46,ahnuhati_river_even
20000,KINGCOME RIVER,1978,12,0.538202387566248,43309.01559797289,275000,0.15748732944717414,-1.8484102719070095,even,48,kingcome_river_even
30000,AHTA RIVER,1979,12,0.567501796014928,69364.44989499997,8000,8.670556236874996,2.1599329452368163,odd,35,ahta_river_odd
21000,GLENDALE CREEK,1979,12,0.567501796014928,48555.11492649998,16000,3.0346946829062484,1.1101108207381387,odd,37,glendale_creek_odd
22000,WAKEMAN RIVER,1979,12,0.567501796014928,50867.26325633331,25000,2.0346905302533322,0.710343733744612,odd,39,wakeman_river_odd
100000,KAKWEIKEN RIVER,1979,12,0.567501796014928,231214.8329833332,75000,3.0828644397777762,1.1258591777062779,odd,41,kakweiken_river_odd
200,LULL CREEK,1979,12,0.567501796014928,462.42966596666645,400,1.1560741649166661,0.1450299246945517,odd,43,lull_creek_odd
5000,AHNUHATI RIVER,1979,12,0.567501796014928,11560.74164916666,4000,2.890185412291665,1.0613206565687066,odd,45,ahnuhati_river_odd
300,KINGCOME RIVER,1979,12,0.567501796014928,693.6444989499996,25000,0.027745779957999983,-3.58467152393964,odd,47,kingcome_river_odd
30000,AHTA RIVER,1980,12,0.445660405603049,54118.45068118592,13000,4.162957744706609,1.4262258179587326,even,36,ahta_river_even
250000,GLENDALE CREEK,1980,12,0.445660405603049,450987.08900988265,275000,1.6399530509450277,0.4946676139537891,even,38,glendale_creek_even
25000,WAKEMAN RIVER,1980,12,0.445660405603049,45098.70890098827,25000,1.8039483560395309,0.5899777937581141,even,40,wakeman_river_even
300000,KAKWEIKEN RIVER,1980,12,0.445660405603049,541184.5068118592,222000,2.4377680487020683,0.8910828865420356,even,42,kakweiken_river_even
600,LULL CREEK,1980,12,0.445660405603049,1082.3690136237183,150,7.215793424158122,1.9762721548780045,even,44,lull_creek_even
340000,AHNUHATI RIVER,1980,12,0.445660405603049,613342.4410534404,120000,5.11118700877867,1.631431668586275,even,46,ahnuhati_river_even
20000,KINGCOME RIVER,1980,12,0.445660405603049,36078.967120790614,20000,1.8039483560395306,0.589977793758114,even,48,kingcome_river_even
200,VINER SOUND CREEK,1981,12,0.419555665271972,344.5636179629726,500,0.6891272359259453,-0.37232935749065627,odd,33,viner_sound_creek_odd
30000,AHTA RIVER,1981,12,0.419555665271972,51684.54269444589,30000,1.722818089814863,0.5439613743834988,odd,35,ahta_river_odd
20000,GLENDALE CREEK,1981,12,0.419555665271972,34456.36179629726,21000,1.6407791331570123,0.4951712102140667,odd,37,glendale_creek_odd
184000,WAKEMAN RIVER,1981,12,0.419555665271972,316998.5285259348,22000,14.409024023906127,2.6678546786341686,odd,39,wakeman_river_odd
600000,KAKWEIKEN RIVER,1981,12,0.419555665271972,1033690.8538889178,100000,10.336908538889178,2.3357208436115537,odd,41,kakweiken_river_odd
300,LULL CREEK,1981,12,0.419555665271972,516.845426944459,200,2.584227134722295,0.9494264824916633,odd,43,lull_creek_odd
7000,AHNUHATI RIVER,1981,12,0.419555665271972,12059.72662870404,5000,2.411945325740808,0.8804336110047115,odd,45,ahnuhati_river_odd
6000,KINGCOME RIVER,1981,12,0.419555665271972,10336.908538889178,300,34.45636179629726,3.5396936479374896,odd,47,kingcome_river_odd
100,VINER SOUND CREEK,1982,12,0.247467778634973,132.88467544766235,400,0.33221168861915584,-1.1019828969338101,even,34,viner_sound_creek_even
3500,AHTA RIVER,1982,12,0.247467778634973,4650.963640668182,30000,0.15503212135560607,-1.864122948980707,even,36,ahta_river_even
150000,GLENDALE CREEK,1982,12,0.247467778634973,199327.0131714935,250000,0.797308052685974,-0.2265141595799102,even,38,glendale_creek_even
35000,WAKEMAN RIVER,1982,12,0.247467778634973,46509.63640668182,25000,1.8603854562672728,0.6207837008072934,even,40,wakeman_river_even
70000,KAKWEIKEN RIVER,1982,12,0.247467778634973,93019.27281336364,300000,0.31006424271121213,-1.1709757684207616,even,42,kakweiken_river_even
650,LULL CREEK,1982,12,0.247467778634973,863.7503904098053,600,1.439583984016342,0.3643541718596169,even,44,lull_creek_even
85000,AHNUHATI RIVER,1982,12,0.247467778634973,112951.97413051299,340000,0.33221168861915584,-1.1019828969338101,even,46,ahnuhati_river_even
24000,KINGCOME RIVER,1982,12,0.247467778634973,31892.322107438962,20000,1.594616105371948,0.4666330209800351,even,48,kingcome_river_even
1000,VINER SOUND CREEK,1983,12,0.427871996866046,1747.8606090285484,200,8.739303045142742,2.1678304433691133,odd,33,viner_sound_creek_odd
35000,AHTA RIVER,1983,12,0.427871996866046,61175.1213159992,30000,2.0391707105333063,0.712543210762271,odd,35,ahta_river_odd
300000,GLENDALE CREEK,1983,12,0.427871996866046,524358.1827085646,20000,26.21790913542823,3.266442732037223,odd,37,glendale_creek_odd
150000,WAKEMAN RIVER,1983,12,0.427871996866046,262179.0913542823,184000,1.424886366055882,0.354092067422283,odd,39,wakeman_river_odd
800000,KAKWEIKEN RIVER,1983,12,0.427871996866046,1398288.4872228387,600000,2.3304808120380645,0.8460746033867936,odd,41,kakweiken_river_odd
2550,LULL CREEK,1983,12,0.427871996866046,4457.044553022798,300,14.85681517674266,2.6984586944312836,odd,43,lull_creek_odd
9000,AHNUHATI RIVER,1983,12,0.427871996866046,15730.745481256936,7000,2.2472493544652767,0.809706959215919,odd,45,ahnuhati_river_odd
10000,KINGCOME RIVER,1983,12,0.427871996866046,17478.606090285484,6000,2.9131010150475807,1.0692181547010036,odd,47,kingcome_river_odd
10000,AHTA RIVER,1984,12,0.379086402883902,16105.300393558957,3500,4.6015143981597015,1.5263854663062661,even,36,ahta_river_even
85000,GLENDALE CREEK,1984,12,0.379086402883902,136895.05334525113,150000,0.9126336889683409,-0.09142069579835081,even,38,glendale_creek_even
4000,WAKEMAN RIVER,1984,12,0.379086402883902,6442.120157423583,35000,0.18406057592638808,-1.6924903585619344,even,40,wakeman_river_even
100000,KAKWEIKEN RIVER,1984,12,0.379086402883902,161053.00393558957,70000,2.300757199079851,0.833238285746321,even,42,kakweiken_river_even
450,LULL CREEK,1984,12,0.379086402883902,724.738517710153,650,1.114982334938697,0.10883856168227109,even,44,lull_creek_even
50000,AHNUHATI RIVER,1984,12,0.379086402883902,80526.50196779479,85000,0.947370611385821,-0.05406490925458185,even,46,ahnuhati_river_even
22000,KINGCOME RIVER,1984,12,0.379086402883902,35431.660865829705,24000,1.4763192027429044,0.3895519648179588,even,48,kingcome_river_even
50,VINER SOUND CREEK,1985,12,0.501730601890324,100.3473225321261,1000,0.1003473225321261,-2.2991178853899514,odd,33,viner_sound_creek_odd
28000,AHTA RIVER,1985,12,0.501730601890324,56194.50061799062,35000,1.6055571605140178,0.4734708368498301,odd,35,ahta_river_odd
140000,GLENDALE CREEK,1985,12,0.501730601890324,280972.5030899531,300000,0.9365750102998437,-0.06552566388285691,odd,37,glendale_creek_odd
105000,WAKEMAN RIVER,1985,12,0.501730601890324,210729.37731746482,150000,1.4048625154497656,0.33993944422530753,odd,39,wakeman_river_odd
500000,KAKWEIKEN RIVER,1985,12,0.501730601890324,1003473.2253212611,800000,1.2543415316515765,0.22661075891830437,odd,41,kakweiken_river_odd
2000,LULL CREEK,1985,12,0.501730601890324,4013.8929012850444,2550,1.5740756475627626,0.45366820955365045,odd,43,lull_creek_odd
13000,AHNUHATI RIVER,1985,12,0.501730601890324,26090.30385835279,9000,2.8989226509280877,1.0643391682893573,odd,45,ahnuhati_river_odd
9850,KINGCOME RIVER,1985,12,0.501730601890324,19768.422538828843,10000,1.9768422538828843,0.6815007503539916,odd,47,kingcome_river_odd
24000,AHTA RIVER,1986,12,0.264045816322538,32610.72568413878,10000,3.2610725684138777,1.1820561499830307,even,36,ahta_river_even
240000,GLENDALE CREEK,1986,12,0.264045816322538,326107.2568413878,85000,3.836555962839856,1.3445750794808053,even,38,glendale_creek_even
24000,WAKEMAN RIVER,1986,12,0.264045816322538,32610.72568413878,4000,8.152681421034695,2.0983468818571858,even,40,wakeman_river_even
250000,KAKWEIKEN RIVER,1986,12,0.264045816322538,339695.05920977896,100000,3.39695059209779,1.222878144503286,even,42,kakweiken_river_even
500,LULL CREEK,1986,12,0.264045816322538,679.3901184195579,450,1.5097558187101288,0.41194792828695703,even,44,lull_creek_even
150000,AHNUHATI RIVER,1986,12,0.264045816322538,203817.03552586737,50000,4.076340710517347,1.4051997012972404,even,46,ahnuhati_river_even
31000,KINGCOME RIVER,1986,12,0.264045816322538,42122.18734201259,22000,1.9146448791823905,0.6495321637559611,even,48,kingcome_river_even
1500,AHTA RIVER,1987,12,0.442573209534022,2690.9363268064008,28000,0.09610486881451431,-2.3423153002464567,odd,35,ahta_river_odd
6000,GLENDALE CREEK,1987,12,0.442573209534022,10763.745307225603,140000,0.076883895051611445,-2.5654588515606664,odd,37,glendale_creek_odd
38000,WAKEMAN RIVER,1987,12,0.442573209534022,68170.38694576215,105000,0.64924178043583,-0.43195008861055473,odd,39,wakeman_river_odd
60000,KAKWEIKEN RIVER,1987,12,0.442573209534022,107637.45307225603,500000,0.21527490614451206,-1.5358394343795083,odd,41,kakweiken_river_odd
6,LULL CREEK,1987,12,0.442573209534022,10.763745307225603,2000,0.005381872653612801,-5.224718888493444,odd,43,lull_creek_odd
4000,AHNUHATI RIVER,1987,12,0.442573209534022,7175.830204817069,13000,0.5519869388320823,-0.5942308945210631,odd,45,ahnuhati_river_odd
7000,KINGCOME RIVER,1987,12,0.442573209534022,12557.70285842987,9850,1.2748936912111544,0.24286279569189867,odd,47,kingcome_river_odd
12000,AHTA RIVER,1988,12,0.259294379196309,16200.768109440816,24000,0.675032004560034,-0.3929951750706098,even,36,ahta_river_even
300000,GLENDALE CREEK,1988,12,0.259294379196309,405019.2027360204,240000,1.687580011400085,0.5232955568035452,even,38,glendale_creek_even
125000,WAKEMAN RIVER,1988,12,0.259294379196309,168758.0011400085,24000,7.031583380833688,1.950411912443691,even,40,wakeman_river_even
475000,KAKWEIKEN RIVER,1988,12,0.259294379196309,641280.4043320323,250000,2.565121617328129,0.9420058916617302,even,42,kakweiken_river_even
7100,LULL CREEK,1988,12,0.259294379196309,9585.454464752484,500,19.170908929504968,2.953393970096551,even,44,lull_creek_even
225000,AHNUHATI RIVER,1988,12,0.259294379196309,303764.4020520153,150000,2.025096013680102,0.7056171135974999,even,46,ahnuhati_river_even
92000,KINGCOME RIVER,1988,12,0.259294379196309,124205.88883904625,31000,4.006641575453105,1.3879533780532296,even,48,kingcome_river_even
5000,AHTA RIVER,1989,12,0.663145835961011,14843.21862033232,1500,9.895479080221547,2.292077994276788,odd,35,ahta_river_odd
10000,GLENDALE CREEK,1989,12,0.663145835961011,29686.43724066464,6000,4.947739540110773,1.5989308137168428,odd,37,glendale_creek_odd
85000,WAKEMAN RIVER,1989,12,0.663145835961011,252334.71654564945,38000,6.640387277517091,1.8931702867147828,odd,39,wakeman_river_odd
130000,KAKWEIKEN RIVER,1989,12,0.663145835961011,385923.68412864034,60000,6.432061402144005,1.8612950781843338,odd,41,kakweiken_river_odd
10000,AHNUHATI RIVER,1989,12,0.663145835961011,29686.43724066464,4000,7.4216093101661595,2.004395921825007,odd,45,ahnuhati_river_odd
9000,KINGCOME RIVER,1989,12,0.663145835961011,26717.793516598176,7000,3.8168276452283108,1.3394196182317581,odd,47,kingcome_river_odd
40000,AHTA RIVER,1990,12,0.111593199562305,45024.418971458836,12000,3.7520349142882363,1.3222983366146044,even,36,ahta_river_even
350000,GLENDALE CREEK,1990,12,0.111593199562305,393963.6660002648,300000,1.3132122200008827,0.27247621211592676,even,38,glendale_creek_even
250000,WAKEMAN RIVER,1990,12,0.111593199562305,281402.6185716177,125000,2.2512209485729415,0.8114727128486137,even,40,wakeman_river_even
600000,KAKWEIKEN RIVER,1990,12,0.111593199562305,675366.2845718826,475000,1.4218237569934369,0.3519403834701736,even,42,kakweiken_river_even
10000,LULL CREEK,1990,12,0.111593199562305,11256.104742864709,7100,1.5853668651922126,0.46081584123544445,even,44,lull_creek_even
250000,AHNUHATI RIVER,1990,12,0.111593199562305,281402.6185716177,225000,1.2506783047627452,0.2236860479464946,even,46,ahnuhati_river_even
200000,KINGCOME RIVER,1990,12,0.111593199562305,225122.09485729417,92000,2.4469792919271107,0.8948543217876649,even,48,kingcome_river_even
3000,AHTA RIVER,1991,12,0.475404712070976,5718.694141999023,5000,1.1437388283998045,0.13430257004059484,odd,35,ahta_river_odd
17500,GLENDALE CREEK,1991,12,0.475404712070976,33359.049161660965,10000,3.3359049161660965,1.2047439817420083,odd,37,glendale_creek_odd
1300,WAKEMAN RIVER,1991,12,0.475404712070976,2478.100794866243,85000,0.02915412699842639,-3.53515879821624,odd,39,wakeman_river_odd
37175,KAKWEIKEN RIVER,1991,12,0.475404712070976,70864.15157627122,130000,0.5451088582790095,-0.606769764302778,odd,41,kakweiken_river_odd
4000,AHNUHATI RIVER,1991,12,0.475404712070976,7624.925522665363,10000,0.7624925522665363,-0.2711625380675695,odd,45,ahnuhati_river_odd
3000,KINGCOME RIVER,1991,12,0.475404712070976,5718.694141999023,9000,0.6354104602221137,-0.453484094861524,odd,47,kingcome_river_odd
24,VINER SOUND CREEK,1992,12,0.275488748765854,33.125779563972195,100,0.33125779563972196,-1.1048583679519177,even,34,viner_sound_creek_even
17150,AHTA RIVER,1992,12,0.275488748765854,23671.129980088463,40000,0.5917782495022116,-0.5246232928137594,even,36,ahta_river_even
700000,GLENDALE CREEK,1992,12,0.275488748765854,966168.5706158556,350000,2.7604816303310162,1.0154051682481733,even,38,glendale_creek_even
24000,WAKEMAN RIVER,1992,12,0.275488748765854,33125.779563972195,250000,0.13250311825588879,-2.0211490998260726,even,40,wakeman_river_even
600000,KAKWEIKEN RIVER,1992,12,0.275488748765854,828144.4890993049,600000,1.3802408151655081,0.32225798768822805,even,42,kakweiken_river_even
18800,LULL CREEK,1992,12,0.275488748765854,25948.527325111554,10000,2.5948527325111552,0.9535297645300859,even,44,lull_creek_even
85700,AHNUHATI RIVER,1992,12,0.275488748765854,118286.63785968405,250000,0.4731465514387362,-0.7483501045702843,even,46,ahnuhati_river_even
31500,KINGCOME RIVER,1992,12,0.275488748765854,43477.585677713505,200000,0.21738792838856752,-1.5260718330282212,even,48,kingcome_river_even
6,VINER SOUND CREEK,1993,12,0.450558489056159,10.920179637852783,10,1.0920179637852783,0.08802732754022666,odd,33,viner_sound_creek_odd
5400,AHTA RIVER,1993,12,0.450558489056159,9828.161674067504,3000,3.2760538913558346,1.1866396162083364,odd,35,ahta_river_odd
200000,GLENDALE CREEK,1993,12,0.450558489056159,364005.98792842607,17500,20.800342167338634,3.0349694369247855,odd,37,glendale_creek_odd
4700,WAKEMAN RIVER,1993,12,0.450558489056159,8554.140716318012,1300,6.580108243321548,1.884051195554739,odd,39,wakeman_river_odd
112000,KAKWEIKEN RIVER,1993,12,0.450558489056159,203843.3532399186,37175,5.483345077065732,1.7017153302550931,odd,41,kakweiken_river_odd
1591,LULL CREEK,1993,12,0.450558489056159,2895.6676339706296,300,9.652225446568766,2.267188504987803,odd,43,lull_creek_odd
25000,AHNUHATI RIVER,1993,12,0.450558489056159,45500.74849105326,4000,11.375187122763315,2.4314344150545275,odd,45,ahnuhati_river_odd
125,KINGCOME RIVER,1993,12,0.450558489056159,227.5037424552663,3000,0.07583458081842209,-2.5792008790417285,odd,47,kingcome_river_odd
40,VINER SOUND CREEK,1994,12,0.136671293451325,46.33229463654441,24,1.9305122765226839,0.6577853959470435,even,34,viner_sound_creek_even
27000,AHTA RIVER,1994,12,0.136671293451325,31274.29887966748,17150,1.8235742786978122,0.600798464573433,even,36,ahta_river_even
192000,GLENDALE CREEK,1994,12,0.136671293451325,222395.01425541317,700000,0.3177071632220188,-1.1466251908345704,even,38,glendale_creek_even
13600,WAKEMAN RIVER,1994,12,0.136671293451325,15752.9801764251,24000,0.6563741740177125,-0.42102426542488647,even,40,wakeman_river_even
510000,KAKWEIKEN RIVER,1994,12,0.136671293451325,590736.7566159413,600000,0.9845612610265688,-0.015559157316721977,even,42,kakweiken_river_even
9500,LULL CREEK,1994,12,0.136671293451325,11003.919976179299,18800,0.5853148923499627,-0.5356052990483554,even,44,lull_creek_even
70000,AHNUHATI RIVER,1994,12,0.136671293451325,81081.51561395272,85700,0.946108700279495,-0.05539781137332223,even,46,ahnuhati_river_even
20500,KINGCOME RIVER,1994,12,0.136671293451325,23745.30100122901,31500,0.7538190794040955,-0.2826028875061721,even,48,kingcome_river_even
5800,AHTA RIVER,1995,12,0.43447776820091,10256.007056607696,5400,1.899260566038462,0.641464634654621,odd,35,ahta_river_odd
80000,GLENDALE CREEK,1995,12,0.43447776820091,141462.1662980372,200000,0.7073108314901859,-0.34628506120167896,odd,37,glendale_creek_odd
2700,WAKEMAN RIVER,1995,12,0.43447776820091,4774.348112558755,4700,1.0158187473529265,0.015694934966746527,odd,39,wakeman_river_odd
114000,KAKWEIKEN RIVER,1995,12,0.43447776820091,201583.58697470298,112000,1.7998534551312766,0.5877052477718769,odd,41,kakweiken_river_odd
1815,LULL CREEK,1995,12,0.43447776820091,3209.4228978867186,1591,2.017236265170785,0.7017283890336404,odd,43,lull_creek_odd
35000,AHNUHATI RIVER,1995,12,0.43447776820091,61889.697755391266,25000,2.475587910215651,0.906477907293689,odd,45,ahnuhati_river_odd
310,VINER SOUND CREEK,1996,12,0.0253593631600162,318.06594993319135,40,7.9516487483297835,2.0733792968909808,even,34,viner_sound_creek_even
60000,AHTA RIVER,1996,12,0.0253593631600162,61561.151599972516,27000,2.280042651850834,0.8241941497434968,even,36,ahta_river_even
430000,GLENDALE CREEK,1996,12,0.0253593631600162,441188.2531331364,192000,2.2978554850684185,0.8319762901855516,even,38,glendale_creek_even
198000,WAKEMAN RIVER,1996,12,0.0253593631600162,203151.8002799093,13600,14.937632373522744,2.703883691478254,even,40,wakeman_river_even
816000,KAKWEIKEN RIVER,1996,12,0.0253593631600162,837231.6617596262,510000,1.6416307093326004,0.4956900827714606,even,42,kakweiken_river_even
50000,LULL CREEK,1996,12,0.0253593631600162,51300.959666643765,9500,5.4001010175414486,1.686417660347376,even,44,lull_creek_even
75000,AHNUHATI RIVER,1996,12,0.0253593631600162,76951.43949996565,70000,1.0993062785709378,0.09467932501267652,even,46,ahnuhati_river_even
45600,KINGCOME RIVER,1996,12,0.0253593631600162,46786.47521597911,20500,2.282267083706298,0.8251692839017029,even,48,kingcome_river_even
1050,AHTA RIVER,1997,12,0.331139387873913,1569.8338053759765,5800,0.2706610009268925,-1.306888160243769,odd,35,ahta_river_odd
320000,GLENDALE CREEK,1997,12,0.331139387873913,478425.54068601184,80000,5.980319258575148,1.7884739542590633,odd,37,glendale_creek_odd
30,WAKEMAN RIVER,1997,12,0.331139387873913,44.85239443931361,2700,0.016611997940486522,-4.097630077191092,odd,39,wakeman_river_odd
18000,KAKWEIKEN RIVER,1997,12,0.331139387873913,26911.436663588167,114000,0.23606523389112427,-1.443647097359158,odd,41,kakweiken_river_odd
3600,LULL CREEK,1997,12,0.331139387873913,5382.287332717633,1815,2.9654475662356106,1.0870279708844228,odd,43,lull_creek_odd
3500,AHNUHATI RIVER,1997,12,0.331139387873913,5232.779351253254,35000,0.1495079814643787,-1.900405499854873,odd,45,ahnuhati_river_odd
80,VINER SOUND CREEK,1998,12,0.0478853813514653,84.02349720620279,310,0.2710435393748477,-1.30547580910737,even,34,viner_sound_creek_even
64000,AHTA RIVER,1998,12,0.0478853813514653,67218.79776496223,60000,1.1203132960827038,0.11360837483551148,even,36,ahta_river_even
500000,GLENDALE CREEK,1998,12,0.0478853813514653,525146.8575387675,430000,1.221271761718064,0.1998927434325241,even,38,glendale_creek_even
170000,WAKEMAN RIVER,1998,12,0.0478853813514653,178549.93156318093,198000,0.9017673311271764,-0.10339873994633307,even,40,wakeman_river_even
737000,KAKWEIKEN RIVER,1998,12,0.0478853813514653,774066.4680121433,816000,0.9486108676619402,-0.05275660907682998,even,42,kakweiken_river_even
10000,LULL CREEK,1998,12,0.0478853813514653,10502.93715077535,50000,0.21005874301550698,-1.56036805873616,even,44,lull_creek_even
80000,AHNUHATI RIVER,1998,12,0.0478853813514653,84023.4972062028,75000,1.120313296082704,0.11360837483551169,even,46,ahnuhati_river_even
111750,KINGCOME RIVER,1998,12,0.0478853813514653,117370.32265991453,45600,2.5739105846472485,0.9454263706712783,even,48,kingcome_river_even
80,VINER SOUND CREEK,1999,12,0.0127249267978668,81.0311150068112,1,81.0311150068112,4.3948332167976965,odd,33,viner_sound_creek_odd
2100,AHTA RIVER,1999,12,0.0127249267978668,2127.066768928794,1050,2.02577787517028,0.7059537626837598,odd,35,ahta_river_odd
550000,GLENDALE CREEK,1999,12,0.0127249267978668,557088.915671827,320000,1.7409028614744595,0.5544038645565589,odd,37,glendale_creek_odd
30100,KAKWEIKEN RIVER,1999,12,0.0127249267978668,30487.957021312715,18000,1.6937753900729287,0.5269599959824799,odd,41,kakweiken_river_odd
150,LULL CREEK,1999,12,0.0127249267978668,151.933340637771,3600,0.04220370573271417,-3.165247248224131,odd,43,lull_creek_odd
4,KINGCOME RIVER,1999,12,0.0127249267978668,4.05155575034056,500,0.00810311150068112,-4.815507155178487,odd,47,kingcome_river_odd
50,VINER SOUND CREEK,2000,12,0.0915814524544625,55.04070798102411,80,0.6880088497628014,-0.3739535781041938,even,34,viner_sound_creek_even
55000,AHTA RIVER,2000,12,0.0915814524544625,60544.77877912652,64000,0.9460121684238519,-0.05549984698565917,even,36,ahta_river_even
760000,GLENDALE CREEK,2000,12,0.0915814524544625,836618.7613115666,500000,1.673237522623133,0.5147603859997268,even,38,glendale_creek_even
369640,WAKEMAN RIVER,2000,12,0.0915814524544625,406904.9459621151,170000,2.3935585056595006,0.8727811731111198,even,40,wakeman_river_even
1700000,KAKWEIKEN RIVER,2000,12,0.0915814524544625,1871384.07135482,737000,2.5391914129644775,0.9318456889965127,even,42,kakweiken_river_even
24300,LULL CREEK,2000,12,0.0915814524544625,26749.78407877772,10000,2.674978407877772,0.9839413084939989,even,44,lull_creek_even
500000,AHNUHATI RIVER,2000,12,0.0915814524544625,550407.0798102411,80000,6.880088497628014,1.9286315148898519,even,46,ahnuhati_river_even
76034,KINGCOME RIVER,2000,12,0.0915814524544625,83699.30381258375,111750,0.7489870587255817,-0.28903357368416954,even,48,kingcome_river_even
150,VINER SOUND CREEK,2001,12,0.0688401114722015,161.08941315884653,80,2.0136176644855817,0.6999329373896745,odd,33,viner_sound_creek_odd
22000,AHTA RIVER,2001,12,0.0688401114722015,23626.44726329749,2100,11.250689172998804,2.420429386596239,odd,35,ahta_river_odd
1350000,GLENDALE CREEK,2001,12,0.0688401114722015,1449804.7184296185,550000,2.636008578962943,0.9692658711732587,odd,37,glendale_creek_odd
96000,KAKWEIKEN RIVER,2001,12,0.0688401114722015,103097.22442166177,30100,3.4251569575302914,1.2311472976803064,odd,41,kakweiken_river_odd
14049,LULL CREEK,2001,12,0.0688401114722015,15087.634436457565,150,100.58422957638376,4.610995481722696,odd,43,lull_creek_odd
1100,KINGCOME RIVER,2001,12,0.0688401114722015,1181.3223631648743,4,295.3305907912186,5.688095375633871,odd,47,kingcome_river_odd
30,VINER SOUND CREEK,2002,12,0.119591565753775,34.07509382356719,50,0.6815018764713437,-0.3834562744064296,even,34,viner_sound_creek_even
625,AHTA RIVER,2002,12,0.119591565753775,709.897787990983,55000,0.012907232508926964,-4.349967465118645,even,36,ahta_river_even
18209,GLENDALE CREEK,2002,12,0.119591565753775,20682.446114444498,760000,0.02721374488742697,-3.6040331065711095,even,38,glendale_creek_even
29286,WAKEMAN RIVER,2002,12,0.119591565753775,33264.10659056628,369640,0.08999054915746749,-2.408050623527213,even,40,wakeman_river_even
11110,KAKWEIKEN RIVER,2002,12,0.119591565753775,12619.143079327714,1700000,0.007423025340781008,-4.903168577033208,even,42,kakweiken_river_even
29,LULL CREEK,2002,12,0.119591565753775,32.93925736278161,24300,0.0013555249943531526,-6.603566449982605,even,44,lull_creek_even
8167,AHNUHATI RIVER,2002,12,0.119591565753775,9276.376375235774,500000,0.018552752750471548,-3.987137104686492,even,46,ahnuhati_river_even
1711,KINGCOME RIVER,2002,12,0.119591565753775,1943.4161844041153,76034,0.02555983092306225,-3.6667332643983492,even,48,kingcome_river_even
43,VINER SOUND CREEK,2003,12,0.214526467196658,54.74404700376563,150,0.36496031335843754,-1.0079666618360663,odd,33,viner_sound_creek_odd
929,AHTA RIVER,2003,12,0.214526467196658,1182.7260387557737,22000,0.05376027448889881,-2.923220476959987,odd,35,ahta_river_odd
161876,GLENDALE CREEK,2003,12,0.214526467196658,206087.14773910618,1350000,0.152657146473412,-1.8795607448249494,odd,37,glendale_creek_odd
2627,WAKEMAN RIVER,2003,12,0.214526467196658,3344.479336718426,784,4.265917521324523,1.4506572859017592,odd,39,wakeman_river_odd
16582,KAKWEIKEN RIVER,2003,12,0.214526467196658,21110.832265498644,96000,0.21990450276561088,-1.5145619052071821,odd,41,kakweiken_river_odd
79,LULL CREEK,2003,12,0.214526467196658,100.5762724022671,14049,0.0071589630865020355,-4.939390128818003,odd,43,lull_creek_odd
4182,AHNUHATI RIVER,2003,12,0.214526467196658,5324.176850459253,2800,1.901491732306876,0.6426387003919107,odd,45,ahnuhati_river_odd
144,VINER SOUND CREEK,2004,12,0.0648730627549055,153.98978926243672,30,5.132992975414557,1.6356889150626295,even,34,viner_sound_creek_even
18650,AHTA RIVER,2004,12,0.0648730627549055,19943.816456558645,625,31.910106330493832,3.4629227724843443,even,36,ahta_river_even
661557,GLENDALE CREEK,2004,12,0.0648730627549055,707451.5487159018,18209,38.85175181041802,3.6597531674423105,even,38,glendale_creek_even
69412,WAKEMAN RIVER,2004,12,0.0648730627549055,74227.35591864068,29286,2.5345679136324755,0.9300231742439762,even,40,wakeman_river_even
129554,KAKWEIKEN RIVER,2004,12,0.0648730627549055,138541.619153512,11110,12.469992723088389,2.5233251761383175,even,42,kakweiken_river_even
2098,LULL CREEK,2004,12,0.0648730627549055,2243.5456796707795,29,77.3636441265786,4.348516956118552,even,44,lull_creek_even
137224,AHNUHATI RIVER,2004,12,0.0648730627549055,146743.71417880984,8167,17.96788467966326,2.88858597988017,even,46,ahnuhati_river_even
23683,KINGCOME RIVER,2004,12,0.0648730627549055,25325.973465988118,1711,14.801854743417953,2.6947524934193243,even,48,kingcome_river_even
15,VINER SOUND CREEK,2005,12,0.0545732763107929,15.86585149768941,43,0.3689732906439398,-0.9970310206401453,odd,33,viner_sound_creek_odd
2668,AHTA RIVER,2005,12,0.0545732763107929,2822.0061197223567,929,3.037681506697908,1.111094562172883,odd,35,ahta_river_odd
223444,GLENDALE CREEK,2005,12,0.0545732763107929,236341.9548033142,161876,1.4600185006011652,0.3784491072845942,odd,37,glendale_creek_odd
68,WAKEMAN RIVER,2005,12,0.0545732763107929,71.925193456192,2627,0.02737921334457252,-3.597971190558226,odd,39,wakeman_river_odd
29389,KAKWEIKEN RIVER,2005,12,0.0545732763107929,31085.433977706274,16582,1.8746492568873643,0.6284215789305044,odd,41,kakweiken_river_odd
2755,LULL CREEK,2005,12,0.0545732763107929,2914.028058408955,79,36.8864311191007,3.6078437630712004,odd,43,lull_creek_odd
4120,AHNUHATI RIVER,2005,12,0.0545732763107929,4357.820544698691,4182,1.0420422153751054,0.04118245630620013,odd,45,ahnuhati_river_odd
1218,AHTA RIVER,2006,12,0.0817545492518911,1326.4427272769785,18650,0.07112293443844389,-2.6433454282446047,even,36,ahta_river_even
181820,GLENDALE CREEK,2006,12,0.0817545492518911,198008.05966625633,661557,0.29930612126582645,-1.2062884123920057,even,38,glendale_creek_even
14661,WAKEMAN RIVER,2006,12,0.0817545492518911,15966.319232026093,69412,0.2300224634360931,-1.4695783077146154,even,40,wakeman_river_even
74818,KAKWEIKEN RIVER,2006,12,0.0817545492518911,81479.3037515673,129554,0.6289215597478064,-0.4637487363414683,even,42,kakweiken_river_even
89,LULL CREEK,2006,12,0.0817545492518911,96.92397596687282,2098,0.046198272624820215,-3.0748128706665883,even,44,lull_creek_even
10801,AHNUHATI RIVER,2006,12,0.0817545492518911,11762.650162002172,137224,0.08571860725530644,-2.4566853561136726,even,46,ahnuhati_river_even
3423,KINGCOME RIVER,2006,12,0.0817545492518911,3727.7614576921983,23683,0.15740241767057375,-1.8489495830750338,even,48,kingcome_river_even
22,VINER SOUND CREEK,2007,12,0.0201743436605422,22.45297401395883,15,1.496864934263922,0.4033728770944396,odd,33,viner_sound_creek_odd
9488,AHTA RIVER,2007,12,0.0201743436605422,9683.355338383699,2668,3.629443530128823,1.2890793390403261,odd,35,ahta_river_odd
264277,GLENDALE CREEK,2007,12,0.0201743436605422,269718.3915221362,223444,1.2070961472321307,0.18821759696451199,odd,37,glendale_creek_odd
739,WAKEMAN RIVER,2007,12,0.0201743436605422,754.2158089234351,68,11.0914089547564,2.4061708406104287,odd,39,wakeman_river_odd
36850,KAKWEIKEN RIVER,2007,12,0.0201743436605422,37608.731473381034,29389,1.2796873481023865,0.24661578880035503,odd,41,kakweiken_river_odd
701,LULL CREEK,2007,12,0.0201743436605422,715.4333992629608,2755,0.25968544437857016,-1.348284209714091,odd,43,lull_creek_odd
5112,AHNUHATI RIVER,2007,12,0.0201743436605422,5217.254689061706,4120,1.2663239536557538,0.23611817855213232,odd,45,ahnuhati_river_odd
175,KINGCOME RIVER,2007,12,0.0201743436605422,178.6032023837634,54,3.3074667108104334,1.1961825521975733,odd,47,kingcome_river_odd
4156,AHTA RIVER,2008,12,0.0253139495836938,4263.937088485976,1218,3.500769366573051,1.2529827633595787,even,36,ahta_river_even
15085,GLENDALE CREEK,2008,12,0.0253139495836938,15476.778387827466,181820,0.08512142991875188,-2.4636764546723846,even,38,glendale_creek_even
3646,WAKEMAN RIVER,2008,12,0.0253139495836938,3740.691680611133,14661,0.2551457390772207,-1.365920371289353,even,40,wakeman_river_even
33761,KAKWEIKEN RIVER,2008,12,0.0253139495836938,34637.820029926625,74818,0.46296105255321746,-0.7701123481896379,even,42,kakweiken_river_even
760,LULL CREEK,2008,12,0.0253139495836938,779.7382548723152,89,8.761103987329385,2.17032192295854,even,44,lull_creek_even
10855,AHNUHATI RIVER,2008,12,0.0253139495836938,11136.919416630239,10801,1.0311007699870602,0.030626940304221067,even,46,ahnuhati_river_even
2057,KINGCOME RIVER,2008,12,0.0253139495836938,2110.4231450952007,3423,0.616541964678703,-0.48362888946692506,even,48,kingcome_river_even
1450,VINER SOUND CREEK,2009,12,0.0543664161488997,1533.3634768922477,22,69.69833985873854,4.244176499100298,odd,33,viner_sound_creek_odd
12008,AHTA RIVER,2009,12,0.0543664161488997,12698.36457277387,9488,1.3383605156802139,0.29144536911978547,odd,35,ahta_river_odd
489023,GLENDALE CREEK,2009,12,0.0543664161488997,517137.93624846736,264277,1.9568026587575436,0.6713118446771288,odd,37,glendale_creek_odd
1817,WAKEMAN RIVER,2009,12,0.0543664161488997,1921.4630603539408,739,2.600085332008039,0.9555442644919637,odd,39,wakeman_river_odd
354378,KAKWEIKEN RIVER,2009,12,0.0543664161488997,374751.9187683593,36850,10.169658582587768,2.319408638463298,odd,41,kakweiken_river_odd
36690,LULL CREEK,2009,12,0.0543664161488997,38799.38342563901,701,55.348621149271054,4.013651747358732,odd,43,lull_creek_odd
12991,AHNUHATI RIVER,2009,12,0.0543664161488997,13737.87926090151,5112,2.687378572163832,0.9885662099823564,odd,45,ahnuhati_river_odd
536,KINGCOME RIVER,2009,12,0.0543664161488997,566.8157404236171,175,3.2389470881349545,1.1752483041912822,odd,47,kingcome_river_odd
391,VINER SOUND CREEK,2010,12,0.115170425878293,441.8930056537854,61,7.244147633668613,1.9801939199444465,even,34,viner_sound_creek_even
6740,AHTA RIVER,2010,12,0.115170425878293,7617.286082113846,4156,1.8328407319811948,0.6058670758196266,even,36,ahta_river_even
15995,GLENDALE CREEK,2010,12,0.115170425878293,18076.92743077314,15085,1.1983379138729293,0.1809355249228488,even,38,glendale_creek_even
2142,WAKEMAN RIVER,2010,12,0.115170425878293,2420.805161407694,3646,0.6639619202983252,-0.4095304800985224,even,40,wakeman_river_even
51305,KAKWEIKEN RIVER,2010,12,0.115170425878293,57982.917276387365,33761,1.7174526014154605,0.5408421473044163,even,42,kakweiken_river_even
380,LULL CREEK,2010,12,0.115170425878293,429.46123311621085,760,0.5650805698897511,-0.5707869564275535,even,44,lull_creek_even
4229,AHNUHATI RIVER,2010,12,0.115170425878293,4779.451460127515,10855,0.44029953570958225,-0.8203000207075117,even,46,ahnuhati_river_even
1276,KINGCOME RIVER,2010,12,0.115170425878293,1442.0856143586448,2057,0.7010625252108141,-0.3551582016158302,even,48,kingcome_river_even
1223,VINER SOUND CREEK,2011,12,0.320410816955606,1799.6166368058684,1450,1.2411149219350817,0.216010106233975,odd,33,viner_sound_creek_odd
3224,AHTA RIVER,2011,12,0.320410816955606,4744.042548701652,12008,0.39507349672731945,-0.9286834637253562,odd,35,ahta_river_odd
122137,GLENDALE CREEK,2011,12,0.320410816955606,179721.81289416054,489023,0.36751198388247697,-1.0009993516568954,odd,37,glendale_creek_odd
302,WAKEMAN RIVER,2011,12,0.320410816955606,444.386119636445,1817,0.24457133716920473,-1.4082482450598788,odd,39,wakeman_river_odd
49400,KAKWEIKEN RIVER,2011,12,0.320410816955606,72690.97453655757,354378,0.2051227066481485,-1.5841469098993495,odd,41,kakweiken_river_odd
25653,LULL CREEK,2011,12,0.320410816955606,37747.805056403064,36690,1.028830881886156,0.028423091436160102,odd,43,lull_creek_odd
4106,AHNUHATI RIVER,2011,12,0.320410816955606,6041.8854543948455,12991,0.46508239969169773,-0.7655406854554312,odd,45,ahnuhati_river_odd
405,KINGCOME RIVER,2011,12,0.320410816955606,595.9482730223849,536,1.1118437929522107,0.10601971199715998,odd,47,kingcome_river_odd
4587,VINER SOUND CREEK,2012,12,0.00702153179721928,4619.435513342136,391,11.81441307760137,2.469320233366158,even,34,viner_sound_creek_even
19892,AHTA RIVER,2012,12,0.00702153179721928,20032.65995888419,6740,2.972204741674212,1.0893040146826285,even,36,ahta_river_even
165726,GLENDALE CREEK,2012,12,0.00702153179721928,166897.87876262018,15995,10.434378165840586,2.345105947554744,even,38,glendale_creek_even
582,WAKEMAN RIVER,2012,12,0.00702153179721928,586.1154281153528,2142,0.2736299851145438,-1.295978504521904,even,40,wakeman_river_even
154535,KAKWEIKEN RIVER,2012,12,0.00702153179721928,155627.74516117875,51305,3.0333835914857956,1.1096786933391274,even,42,kakweiken_river_even
4663,LULL CREEK,2012,12,0.00702153179721928,4695.972923199123,380,12.357823482102956,2.5142893428422415,even,44,lull_creek_even
5433,AHNUHATI RIVER,2012,12,0.00702153179721928,5471.417733592288,4229,1.2937852290357739,0.2575722078333866,even,46,ahnuhati_river_even
710,KINGCOME RIVER,2012,12,0.00702153179721928,715.0205394534372,1276,0.5603609243365495,-0.5791741951150221,even,48,kingcome_river_even
2288,VINER SOUND CREEK,2013,12,0.0636890079040288,2443.6325316209486,1223,1.9980642122820511,0.6921788179892432,odd,33,viner_sound_creek_odd
22061,AHTA RIVER,2013,12,0.0636890079040288,23561.615944095167,3224,7.308193531046888,1.9889961202459712,odd,35,ahta_river_odd
272985,GLENDALE CREEK,2013,12,0.0636890079040288,291553.7703866017,122137,2.387104402323634,0.8700810842819264,odd,37,glendale_creek_odd
6443,WAKEMAN RIVER,2013,12,0.0636890079040288,6881.2606648749,302,22.785631340645363,3.1261301329405,odd,39,wakeman_river_odd
216508,KAKWEIKEN RIVER,2013,12,0.0636890079040288,231235.13643190046,49400,4.680873207123491,1.5434846752438593,odd,41,kakweiken_river_odd
36779,LULL CREEK,2013,12,0.0636890079040288,39280.75213307992,25653,1.5312342467968627,0.42607410745184976,odd,43,lull_creek_odd
4420,AHNUHATI RIVER,2013,12,0.0636890079040288,4720.6537542677415,4106,1.1496964817992552,0.13949797866959207,odd,45,ahnuhati_river_odd
3006,KINGCOME RIVER,2013,12,0.0636890079040288,3210.4717613866133,405,7.927090768855836,2.070286104383108,odd,47,kingcome_river_odd
2512,VINER SOUND CREEK,2014,12,0.0873794860576874,2752.513187709021,4587,0.6000682772419929,-0.510711834836875,even,34,viner_sound_creek_even
68871,AHTA RIVER,2014,12,0.0873794860576874,75465.10181158758,19892,3.793741293564628,1.3333526808812595,even,36,ahta_river_even
334021,GLENDALE CREEK,2014,12,0.0873794860576874,366002.073038119,165726,2.208477082884514,0.7923031752220286,even,38,glendale_creek_even
14193,WAKEMAN RIVER,2014,12,0.0873794860576874,15551.918659695119,582,26.721509724562058,3.2854688487400274,even,40,wakeman_river_even
733637,KAKWEIKEN RIVER,2014,12,0.0873794860576874,803879.5849885681,154535,5.20192568019263,1.6490288801486686,even,42,kakweiken_river_even
36580,LULL CREEK,2014,12,0.0873794860576874,40082.37755031688,4663,8.59583477381876,2.1512777573087436,even,44,lull_creek_even
23033,AHNUHATI RIVER,2014,12,0.0873794860576874,25238.310610072407,5433,4.645372834543053,1.5358716348235901,even,46,ahnuhati_river_even
2711,KINGCOME RIVER,2014,12,0.0873794860576874,2970.5665811620847,710,4.183896593186035,1.4312430116355122,even,48,kingcome_river_even
189,VINER SOUND CREEK,2015,12,0.0185299939956513,192.56828924343367,2288,0.08416446208192031,-2.4749825123639724,odd,33,viner_sound_creek_odd
15679,AHTA RIVER,2015,12,0.0185299939956513,15975.01696850686,22061,0.7241293218125588,-0.32278528125923883,odd,35,ahta_river_odd
1928,LULL CREEK,2015,12,0.0185299939956513,1964.4003262504766,36779,0.05341092270726438,-2.9297400088526233,odd,43,lull_creek_odd
46,VINER SOUND CREEK,2016,12,0.00500424244205244,46.231352898327316,2512,0.018404200994557054,-3.9951763255055033,even,34,viner_sound_creek_even
1064,AHTA RIVER,2016,12,0.00500424244205244,1069.3512931265275,68871,0.015526873330233735,-4.1651829930486,even,36,ahta_river_even
500,LULL CREEK,2016,12,0.00500424244205244,502.51470541660126,36580,0.013737416769179915,-4.287632017929174,even,44,lull_creek_even
